Name,Platform,Year_of_Release,Genre,NA_Sales,EU_Sales,JP_Sales,Other_Sales,Global_Sales,Critic_Score,Critic_Count,User_Score,User_Count,Rating,Exclude NA
Uncharted 4: A Thiefs End,PS4,2016,Shooter,2.92,2.98,0.19,1.18,7.28,93,113,7.9,7238.0,T,4.36
Call of Duty: Infinite Warfare,PS4,2016,Shooter,2.15,2.57,0.16,0.93,5.8,77,86,3.5,1208.0,M,3.65
Battlefield 1,PS4,2016,Shooter,1.45,2.81,0.23,0.81,5.3,89,33,8.4,896.0,M,3.8499999999999996
Tom Clancys The Division,PS4,2016,Shooter,1.37,1.85,0.15,0.63,4.0,80,64,7.0,2234.0,M,2.63
Battlefield 1,XOne,2016,Shooter,2.14,0.97,0.01,0.32,3.44,87,38,8.1,470.0,M,1.2999999999999998
Final Fantasy XV,PS4,2016,Role-Playing,1.01,1.12,0.81,0.42,3.37,82,102,7.7,2659.0,T,2.3600000000000003
Overwatch,PS4,2016,Shooter,0.99,1.03,0.16,0.4,2.57,90,31,6.1,1408.0,T,1.5799999999999998
Far Cry: Primal,PS4,2016,Action,0.63,1.32,0.07,0.37,2.38,76,91,6.3,648.0,M,1.75
Mafia III,PS4,2016,Action,0.48,1.24,0.03,0.32,2.07,68,66,5.1,1194.0,M,1.5899999999999999
Watch Dogs 2,PS4,2016,Action,0.56,1.1,0.07,0.31,2.04,82,94,7.9,723.0,M,1.48
No Mans Sky,PS4,2016,Action,0.66,0.77,0.03,0.28,1.75,71,94,4.5,5146.0,T,1.0899999999999999
Dark Souls III,PS4,2016,Role-Playing,0.69,0.47,0.34,0.24,1.74,89,69,8.7,1979.0,M,1.05
Naruto Shippuden: Ultimate Ninja Storm 4,PS4,2016,Fighting,0.45,0.49,0.11,0.19,1.23,79,60,8.3,208.0,T,0.78
Dishonored 2,PS4,2016,Action,0.41,0.51,0.01,0.18,1.1,88,62,7.7,629.0,M,0.6900000000000002
The Legend of Zelda: Twilight Princess HD,WiiU,2016,Action,0.59,0.32,0.09,0.09,1.09,86,74,8.4,340.0,T,0.5000000000000001
Titanfall 2,PS4,2016,Shooter,0.46,0.38,0.05,0.17,1.06,89,61,8.4,769.0,M,0.6000000000000001
Street Fighter V,PS4,2016,Fighting,0.42,0.28,0.09,0.15,0.94,77,80,3.4,1233.0,T,0.52
Dragon Ball: Xenoverse 2,PS4,2016,Action,0.29,0.38,0.1,0.13,0.91,72,57,7.7,123.0,T,0.6200000000000001
The Last Guardian,PS4,2016,Action,0.25,0.26,0.08,0.1,0.7,82,99,7.6,1410.0,T,0.44999999999999996
Quantum Break,XOne,2016,Action,0.38,0.2,0.01,0.06,0.64,77,106,6.8,1682.0,M,0.26
BioShock The Collection,PS4,2016,Shooter,0.15,0.24,0.02,0.07,0.48,84,39,8.5,221.0,M,0.32999999999999996
One Piece: Burning Blood,PS4,2016,Fighting,0.12,0.17,0.08,0.06,0.42,66,45,7.8,50.0,T,0.3
Homefront: The Revolution,PS4,2016,Shooter,0.08,0.22,0.03,0.05,0.38,48,43,3.9,216.0,M,0.3
Mirrors Edge Catalyst,PS4,2016,Platform,0.12,0.17,0.03,0.06,0.37,69,50,4.7,589.0,T,0.25
Battleborn,PS4,2016,Shooter,0.19,0.09,0.02,0.06,0.36,68,55,6.8,405.0,T,0.16999999999999998
PlayStation VR Worlds,PS4,2016,Misc,0.09,0.15,0.02,0.04,0.3,59,48,7.0,78.0,M,0.21
Odin Sphere: Leifthrasir,PS4,2016,Role-Playing,0.09,0.04,0.08,0.03,0.23,87,49,8.2,181.0,T,0.14
Sword Art Online: Hollow Realization,PS4,2016,Role-Playing,0.07,0.03,0.1,0.02,0.23,69,33,7.7,55.0,T,0.16
ReCore,XOne,2016,Action,0.12,0.05,0.01,0.02,0.2,63,75,6.6,457.0,T,0.08000000000000002
The King of Fighters XIV,PS4,2016,Fighting,0.09,0.02,0.05,0.02,0.18,79,54,8.5,212.0,T,0.09
Dead Island Definitive Collection,PS4,2016,Action,0.05,0.07,0.02,0.02,0.16,63,32,6.4,46.0,M,0.11
RIGS: Mechanized Combat League,PS4,2016,Action,0.05,0.06,0.01,0.02,0.14,78,43,8.0,79.0,T,0.09000000000000001
Fallout 4,PS4,2015,Role-Playing,2.58,3.42,0.24,1.17,7.41,87,58,6.5,4258.0,M,4.83
Uncharted: The Nathan Drake Collection,PS4,2015,Action,2.13,1.79,0.09,0.79,4.8,86,78,8.1,1289.0,T,2.67
Halo 5: Guardians,XOne,2015,Shooter,2.86,1.29,0.03,0.42,4.61,84,101,6.4,2455.0,T,1.7500000000000004
Fallout 4,XOne,2015,Role-Playing,2.59,1.37,0.01,0.4,4.37,88,39,6.2,1759.0,M,1.7800000000000002
The Witcher 3: Wild Hunt,PS4,2015,Role-Playing,1.07,2.22,0.23,0.62,4.14,92,79,9.2,10270.0,M,3.0699999999999994
Batman: Arkham Knight,PS4,2015,Action,1.59,1.73,0.11,0.66,4.09,87,89,7.6,2715.0,M,2.5
Assassins Creed Syndicate,PS4,2015,Action,0.84,2.01,0.07,0.53,3.44,76,86,6.8,1341.0,M,2.6
Metal Gear Solid V: The Phantom Pain,PS4,2015,Action,1.1,1.36,0.49,0.48,3.43,93,86,8.2,3987.0,M,2.33
Bloodborne,PS4,2015,Action,1.08,0.84,0.26,0.39,2.58,92,100,8.6,6432.0,M,1.5
Tom Clancys Rainbow Six: Siege,PS4,2015,Shooter,0.58,1.21,0.15,0.34,2.28,73,40,7.3,490.0,M,1.6999999999999997
Dying Light,PS4,2015,Action,1.0,0.68,0.12,0.35,2.14,74,58,7.9,1300.0,M,1.1400000000000001
Battlefield: Hardline,PS4,2015,Shooter,0.71,0.94,0.14,0.32,2.11,73,46,5.0,850.0,M,1.4
Destiny: The Taken King,PS4,2015,Shooter,0.78,0.79,0.05,0.31,1.94,86,81,6.0,1083.0,T,1.16
Just Cause 3,PS4,2015,Action,0.5,1.03,0.08,0.29,1.9,73,42,6.5,413.0,M,1.4
The Order: 1886,PS4,2015,Shooter,0.62,0.78,0.07,0.27,1.75,63,94,6.6,3191.0,M,1.13
Until Dawn,PS4,2015,Adventure,0.48,0.91,0.05,0.26,1.71,79,103,8.2,2197.0,M,1.23
Rise of the Tomb Raider,XOne,2015,Adventure,0.56,0.75,0.02,0.11,1.44,86,102,8.0,1297.0,M,0.8799999999999999
Dragon Ball: XenoVerse,PS4,2015,Fighting,0.32,0.53,0.13,0.16,1.14,69,50,7.7,600.0,T,0.8199999999999998
Evolve,PS4,2015,Shooter,0.37,0.41,0.05,0.15,0.98,76,46,4.3,897.0,M,0.61
Borderlands: The Handsome Collection,PS4,2015,Shooter,0.42,0.33,0.03,0.15,0.92,82,49,7.8,347.0,M,0.5
Xenoblade Chronicles X,WiiU,2015,Role-Playing,0.38,0.28,0.15,0.06,0.86,84,87,8.9,1562.0,T,0.48
Rare Replay,XOne,2015,Misc,0.52,0.22,0.01,0.08,0.83,84,75,7.7,330.0,M,0.30999999999999994
Bravely Second: End Layer,3DS,2015,Role-Playing,0.19,0.11,0.19,0.03,0.51,81,70,7.4,108.0,T,0.32
One Piece: Pirate Warriors 3,PS4,2015,Action,0.1,0.22,0.11,0.06,0.48,74,34,7.4,118.0,T,0.38
Tales of Zestiria,PS4,2015,Role-Playing,0.17,0.15,0.03,0.07,0.42,72,59,6.8,316.0,T,0.24999999999999997
Dragon Ball Z: Extreme Butoden,3DS,2015,Fighting,0.12,0.03,0.16,0.02,0.34,61,32,6.6,33.0,T,0.22000000000000003
Persona 4: Dancing All Night,PSV,2015,Misc,0.1,0.04,0.15,0.05,0.34,76,51,8.6,84.0,T,0.24000000000000002
Disgaea 5: Alliance of Vengeance,PS4,2015,Role-Playing,0.12,0.08,0.07,0.04,0.31,80,43,8.1,175.0,T,0.19
Stella Glow,3DS,2015,Role-Playing,0.17,0.01,0.05,0.02,0.25,79,32,8.7,82.0,T,0.07999999999999999
Code Name: S.T.E.A.M.,3DS,2015,Strategy,0.14,0.05,0.01,0.02,0.21,69,69,7.8,126.0,T,0.06999999999999998
Toukiden Kiwami,PS4,2015,Action,0.06,0.07,0.02,0.03,0.18,74,35,7.6,74.0,T,0.12
Bladestorm: Nightmare,PS4,2015,Action,0.08,0.04,0.03,0.03,0.18,58,33,6.5,21.0,T,0.09999999999999999
Gravity Rush Remastered,PS4,2015,Action,0.02,0.05,0.04,0.01,0.13,80,62,8.2,164.0,T,0.11
Grand Theft Auto V,PS4,2014,Action,4.12,6.77,0.39,2.08,13.36,97,66,8.3,2955.0,M,9.239999999999998
Call of Duty: Advanced Warfare,PS4,2014,Shooter,2.83,3.48,0.14,1.24,7.68,83,39,5.7,1446.0,M,4.85
Destiny,PS4,2014,Shooter,2.5,2.07,0.16,0.93,5.66,76,95,6.1,5389.0,T,3.16
Call of Duty: Advanced Warfare,XOne,2014,Shooter,3.24,1.55,0.01,0.48,5.28,81,53,5.4,900.0,M,2.04
Watch Dogs,PS4,2014,Action,1.4,1.93,0.11,0.65,4.09,80,80,6.3,3018.0,M,2.69
Far Cry 4,PS4,2014,Shooter,1.15,2.18,0.1,0.63,4.06,85,83,7.7,1663.0,M,2.9099999999999997
Assassins Creed: Unity,PS4,2014,Action,1.2,2.09,0.08,0.63,3.99,70,40,4.9,2069.0,M,2.79
Halo: The Master Chief Collection,XOne,2014,Shooter,1.98,1.0,0.03,0.3,3.31,85,69,7.2,1272.0,M,1.33
Middle-Earth: Shadow of Mordor,PS4,2014,Action,1.02,1.43,0.05,0.47,2.97,84,85,8.1,1907.0,M,1.9500000000000002
Titanfall,XOne,2014,Shooter,1.85,0.8,0.04,0.27,2.96,86,68,6.4,2661.0,M,1.1099999999999999
inFAMOUS: Second Son,PS4,2014,Action,1.29,0.98,0.07,0.46,2.8,80,90,7.9,2954.0,T,1.5099999999999998
Dragon Age: Inquisition,PS4,2014,Role-Playing,0.73,0.88,0.08,0.32,2.01,89,43,7.4,2005.0,M,1.2799999999999998
The Evil Within,PS4,2014,Action,0.56,0.86,0.11,0.27,1.8,75,65,7.3,1228.0,M,1.24
The Crew,PS4,2014,Racing,0.37,1.08,0.03,0.27,1.75,61,60,5.4,576.0,T,1.38
Wolfenstein: The New Order,PS4,2014,Shooter,0.48,0.8,0.03,0.24,1.55,79,73,8.1,1124.0,M,1.07
Assassins Creed: Rogue,PS3,2014,Action,0.46,0.57,0.06,0.2,1.29,72,53,7.5,294.0,M,0.8300000000000001
Dark Souls II,PS3,2014,Role-Playing,0.4,0.33,0.4,0.15,1.28,91,69,8.1,1112.0,T,0.88
Metal Gear Solid V: Ground Zeroes,PS4,2014,Action,0.45,0.47,0.17,0.18,1.27,75,70,6.2,1318.0,M,0.8200000000000001
Hyrule Warriors,WiiU,2014,Action,0.59,0.42,0.13,0.1,1.23,76,81,8.3,664.0,T,0.64
Alien: Isolation,PS4,2014,Shooter,0.35,0.57,0.04,0.18,1.14,79,50,8.1,800.0,M,0.7899999999999999
EA Sports UFC,PS4,2014,Sports,0.46,0.41,0.01,0.18,1.05,70,57,6.1,280.0,T,0.5900000000000001
Bayonetta 2,WiiU,2014,Action,0.34,0.28,0.1,0.06,0.78,91,80,8.3,1226.0,M,0.44
Persona Q: Shadow of the Labyrinth,3DS,2014,Role-Playing,0.34,0.07,0.27,0.05,0.73,83,56,8.1,169.0,M,0.38999999999999996
Freedom Wars,PSV,2014,Role-Playing,0.15,0.1,0.32,0.08,0.65,73,39,8.3,266.0,T,0.5
Borderlands 2,PSV,2014,Shooter,0.33,0.16,0.01,0.15,0.65,64,31,7.6,358.0,M,0.32
Lords of the Fallen,PS4,2014,Role-Playing,0.18,0.24,0.02,0.08,0.52,68,45,6.5,436.0,M,0.34
Theatrhythm Final Fantasy: Curtain Call,3DS,2014,Misc,0.13,0.08,0.15,0.02,0.37,83,52,8.3,67.0,T,0.24
Murdered: Soul Suspect,PS4,2014,Action,0.09,0.16,0.02,0.05,0.32,59,60,6.9,317.0,M,0.23
Dragon Ball Z: Battle of Z,PS3,2014,Fighting,0.1,0.1,0.06,0.04,0.31,54,32,5.3,103.0,T,0.21
Onechanbara Z2: Chaos,PS4,2014,Action,0.14,0.03,0.04,0.04,0.25,57,40,6.5,72.0,M,0.10999999999999999
Samurai Warriors 4,PS4,2014,Action,0.08,0.07,0.06,0.03,0.24,76,31,8.1,76.0,T,0.15999999999999998
Castlevania: Lords of Shadow 2,PS3,2014,Action,0.03,0.12,0.02,0.03,0.2,63,55,7.7,530.0,M,0.17
Natural Doctrine,PS4,2014,Role-Playing,0.05,0.02,0.02,0.01,0.1,53,31,6.0,79.0,M,0.05
Grand Theft Auto V,X360,2013,Action,9.66,5.17,0.06,1.41,16.3,97,58,8.1,3722.0,M,6.640000000000001
The Last of Us,PS3,2013,Action,2.41,2.19,0.29,0.99,5.89,95,98,9.1,8039.0,M,3.4799999999999995
Call of Duty: Ghosts,PS4,2013,Shooter,1.78,1.43,0.05,0.57,3.83,78,49,3.7,1570.0,M,2.05
Assassins Creed IV: Black Flag,PS3,2013,Action,1.33,1.69,0.13,0.57,3.72,88,36,8.1,846.0,M,2.39
Assassins Creed IV: Black Flag,X360,2013,Action,1.9,1.11,0.01,0.29,3.31,86,35,7.9,706.0,M,1.4100000000000001
Killzone: Shadow Fall,PS4,2013,Shooter,0.89,1.34,0.08,0.39,2.69,73,88,6.8,2113.0,M,1.7999999999999998
Batman: Arkham Origins,PS3,2013,Action,1.08,0.8,0.04,0.38,2.3,76,46,7.7,671.0,T,1.2199999999999998
God of War: Ascension,PS3,2013,Action,1.23,0.63,0.04,0.35,2.25,80,89,7.5,916.0,M,1.02
BioShock Infinite,X360,2013,Shooter,1.22,0.54,0.02,0.16,1.93,93,33,8.5,1652.0,M,0.71
Diablo III,PS3,2013,Role-Playing,0.72,0.75,0.16,0.29,1.91,86,43,6.4,557.0,M,1.19
Saints Row IV,X360,2013,Action,1.01,0.5,0.01,0.13,1.66,81,42,6.5,326.0,M,0.6499999999999999
Beyond: Two Souls,PS3,2013,Adventure,0.52,0.8,0.06,0.26,1.63,70,98,8.1,2659.0,M,1.1099999999999999
Dead Rising 3,XOne,2013,Action,1.06,0.35,0.01,0.15,1.57,78,69,6.8,910.0,M,0.51
Gears of War: Judgment,X360,2013,Shooter,0.92,0.5,0.03,0.12,1.57,79,81,5.5,784.0,M,0.65
Metal Gear Rising: Revengeance,PS3,2013,Action,0.46,0.37,0.44,0.16,1.42,80,61,7.9,752.0,M,0.96
Final Fantasy X / X-2 HD Remaster,PS3,2013,Role-Playing,0.43,0.36,0.32,0.16,1.27,85,50,8.5,335.0,T,0.8400000000000001
Injustice: Gods Among Us,PS3,2013,Fighting,0.49,0.5,0.01,0.2,1.19,78,37,7.9,283.0,T,0.7
Lightning Returns: Final Fantasy XIII,PS3,2013,Role-Playing,0.31,0.2,0.45,0.11,1.07,66,62,5.9,556.0,T,0.76
Tom Clancys Splinter Cell: Blacklist,X360,2013,Action,0.57,0.32,0.01,0.08,0.98,82,58,7.5,384.0,M,0.41000000000000003
Naruto Shippuden: Ultimate Ninja Storm 3,PS3,2013,Fighting,0.32,0.32,0.15,0.15,0.93,77,32,7.9,189.0,T,0.6100000000000001
Crysis 3,X360,2013,Shooter,0.51,0.31,0.01,0.08,0.9,76,45,6.7,345.0,M,0.39
Killzone: Mercenary,PSV,2013,Shooter,0.2,0.4,0.04,0.17,0.82,78,86,8.8,517.0,M,0.6199999999999999
DmC: Devil May Cry,PS3,2013,Action,0.24,0.26,0.19,0.1,0.79,85,40,5.3,1475.0,M,0.55
Dead Island: Riptide,X360,2013,Action,0.44,0.26,0.01,0.07,0.78,57,43,6.3,193.0,M,0.34
Dragons Crown,PS3,2013,Role-Playing,0.25,0.07,0.17,0.05,0.54,82,62,8.3,289.0,T,0.29000000000000004
Soul Sacrifice,PSV,2013,Role-Playing,0.15,0.08,0.22,0.06,0.51,77,71,8.2,298.0,M,0.36
DmC: Devil May Cry,X360,2013,Action,0.27,0.12,0.01,0.04,0.44,86,65,5.1,1440.0,M,0.16999999999999998
The Wonderful 101,WiiU,2013,Action,0.19,0.1,0.08,0.03,0.4,78,75,8.5,496.0,T,0.21000000000000002
Danganronpa: Trigger Happy Havoc,PSV,2013,Misc,0.09,0.05,0.15,0.04,0.33,80,55,8.1,241.0,M,0.24000000000000002
Killer is Dead,PS3,2013,Action,0.12,0.03,0.05,0.03,0.23,64,39,7.9,216.0,M,0.11000000000000001
The Witch and the Hundred Knight,PS3,2013,Role-Playing,0.07,0.02,0.1,0.02,0.21,53,44,7.5,80.0,T,0.13999999999999999
Fairy Fencer F,PS3,2013,Role-Playing,0.05,0.03,0.09,0.02,0.19,65,31,7.4,50.0,T,0.14
Demon Gaze,PSV,2013,Role-Playing,0.04,0.02,0.08,0.02,0.17,70,38,7.4,129.0,T,0.13
Killer is Dead,X360,2013,Action,0.08,0.02,0.01,0.01,0.12,64,38,7.2,144.0,M,0.039999999999999994
Lost Planet 3,X360,2013,Shooter,0.07,0.03,0.01,0.01,0.12,58,43,5.8,143.0,T,0.04999999999999999
Call of Duty: Black Ops II,X360,2012,Shooter,8.25,4.26,0.07,1.12,13.69,83,73,4.8,2261.0,M,5.4399999999999995
Halo 4,X360,2012,Shooter,6.68,2.3,0.04,0.74,9.77,87,87,7.0,3273.0,M,3.09
Assassins Creed III,PS3,2012,Action,2.65,2.52,0.16,1.12,6.46,85,41,6.9,1314.0,M,3.81
Assassins Creed III,X360,2012,Action,3.13,1.69,0.03,0.44,5.29,84,61,6.8,1204.0,M,2.16
Far Cry 3,PS3,2012,Shooter,0.88,1.7,0.1,0.67,3.35,90,32,8.5,1046.0,M,2.47
Resident Evil 6,PS3,2012,Shooter,0.88,0.94,0.88,0.4,3.1,74,34,5.4,1309.0,M,2.22
Borderlands 2,X360,2012,Shooter,1.89,0.88,0.04,0.25,3.05,89,59,8.2,895.0,M,1.16
Mass Effect 3,X360,2012,Role-Playing,1.94,0.84,0.03,0.24,3.04,93,74,5.8,3733.0,M,1.1
Far Cry 3,X360,2012,Shooter,1.38,1.32,0.02,0.28,3.01,91,39,8.6,1259.0,M,1.63
Fire Emblem: Awakening,3DS,2012,Role-Playing,0.9,0.45,0.54,0.13,2.03,92,72,9.1,1139.0,T,1.13
Resident Evil 6,X360,2012,Shooter,1.12,0.6,0.07,0.16,1.96,67,71,5.0,1409.0,M,0.8399999999999999
Forza Horizon,X360,2012,Racing,0.82,0.93,0.04,0.18,1.96,85,83,8.4,434.0,T,1.1400000000000001
Max Payne 3,PS3,2012,Shooter,0.59,0.89,0.06,0.3,1.85,87,31,7.8,792.0,M,1.2600000000000002
Kinect Star Wars,X360,2012,Action,1.05,0.52,0.03,0.14,1.74,55,61,3.4,144.0,T,0.69
Dragons Dogma,PS3,2012,Role-Playing,0.41,0.44,0.72,0.17,1.74,78,38,8.3,445.0,M,1.33
Hitman: Absolution,X360,2012,Action,0.68,0.88,0.01,0.17,1.73,79,51,7.1,456.0,M,1.0499999999999998
Dishonored,X360,2012,Action,1.06,0.5,0.01,0.14,1.71,88,56,7.9,820.0,M,0.6499999999999999
Max Payne 3,X360,2012,Shooter,0.86,0.62,0.01,0.13,1.62,86,80,7.8,874.0,M,0.7600000000000001
Need for Speed: Most Wanted,X360,2012,Racing,0.62,0.78,0.01,0.15,1.56,83,54,8.4,135.0,T,0.9400000000000001
Call of Duty Black Ops: Declassified,PSV,2012,Action,0.72,0.47,0.07,0.28,1.54,33,58,4.8,479.0,M,0.8200000000000001
Dishonored,PS3,2012,Action,0.72,0.52,0.04,0.25,1.53,89,35,7.9,787.0,M,0.81
Tom Clancys Ghost Recon: Future Soldier,X360,2012,Shooter,0.94,0.4,0.02,0.12,1.47,79,75,7.2,335.0,M,0.53
Assassins Creed III: Liberation,PSV,2012,Action,0.53,0.49,0.06,0.25,1.33,70,71,7.2,319.0,M,0.8
Resident Evil: Operation Raccoon City,PS3,2012,Action,0.48,0.24,0.36,0.1,1.17,52,36,4.9,222.0,M,0.69
Medal of Honor: Warfighter,X360,2012,Action,0.59,0.45,0.01,0.1,1.16,53,43,5.4,438.0,M,0.57
Persona 4: Golden,PSV,2012,Role-Playing,0.37,0.24,0.38,0.16,1.14,93,61,9.2,1240.0,M,0.7699999999999999
Sleeping Dogs,PS3,2012,Action,0.31,0.49,0.05,0.19,1.04,83,40,7.7,646.0,M,0.73
ZombiU,WiiU,2012,Action,0.52,0.36,0.05,0.08,1.01,77,70,7.7,760.0,M,0.49
PlayStation All-Stars Battle Royale,PS3,2012,Action,0.5,0.27,0.04,0.15,0.95,74,69,7.3,542.0,T,0.44999999999999996
The Witcher 2: Assassins of Kings,X360,2012,Action,0.48,0.32,0.02,0.08,0.9,88,82,8.3,818.0,M,0.42000000000000004
Resident Evil: Revelations,3DS,2012,Action,0.3,0.22,0.3,0.05,0.88,82,78,8.5,400.0,M,0.5800000000000001
Sleeping Dogs,X360,2012,Action,0.38,0.4,0.01,0.08,0.87,80,47,7.9,469.0,M,0.49
Kingdoms of Amalur: Reckoning,X360,2012,Role-Playing,0.55,0.24,0.01,0.07,0.87,80,71,7.7,447.0,M,0.31999999999999995
Kingdoms of Amalur: Reckoning,PS3,2012,Role-Playing,0.37,0.29,0.09,0.11,0.85,81,34,7.6,376.0,M,0.48
Tekken Tag Tournament 2,PS3,2012,Fighting,0.28,0.31,0.13,0.13,0.85,82,50,8.2,195.0,T,0.57
Darksiders II,PS3,2012,Action,0.35,0.35,0.01,0.14,0.85,84,39,7.1,424.0,M,0.5
Sniper Elite V2,X360,2012,Shooter,0.46,0.28,0.02,0.07,0.84,67,37,6.8,131.0,M,0.37999999999999995
Street Fighter X Tekken,PS3,2012,Fighting,0.42,0.21,0.1,0.09,0.83,84,51,5.3,191.0,T,0.41
Professor Layton vs Phoenix Wright: Ace Attorney,3DS,2012,Puzzle,0.2,0.26,0.3,0.04,0.8,79,69,8.5,100.0,T,0.6000000000000001
Dragons Dogma,X360,2012,Role-Playing,0.42,0.23,0.07,0.06,0.79,75,59,7.8,321.0,M,0.37000000000000005
Resident Evil: Operation Raccoon City,X360,2012,Action,0.55,0.14,0.03,0.06,0.77,52,56,4.9,331.0,M,0.21999999999999997
SoulCalibur V,PS3,2012,Fighting,0.35,0.23,0.07,0.09,0.75,81,53,6.7,152.0,T,0.4
Persona 4: Arena,PS3,2012,Fighting,0.31,0.11,0.24,0.08,0.73,86,47,7.7,180.0,T,0.42
Lollipop Chainsaw,PS3,2012,Action,0.27,0.2,0.11,0.08,0.66,67,37,7.1,199.0,M,0.39
Dead or Alive 5,PS3,2012,Fighting,0.23,0.14,0.2,0.07,0.64,74,34,7.7,109.0,M,0.41000000000000003
SoulCalibur V,X360,2012,Fighting,0.39,0.13,0.02,0.04,0.58,77,56,6.3,125.0,T,0.18999999999999995
Gravity Rush,PSV,2012,Action,0.21,0.17,0.09,0.08,0.56,83,73,8.5,635.0,T,0.3500000000000001
Unit 13,PSV,2012,Shooter,0.25,0.13,0.04,0.07,0.5,71,60,7.5,169.0,T,0.25
Lollipop Chainsaw,X360,2012,Action,0.31,0.12,0.02,0.04,0.48,70,64,7.0,260.0,M,0.16999999999999998
Street Fighter X Tekken,X360,2012,Fighting,0.32,0.1,0.03,0.04,0.48,83,45,4.4,177.0,T,0.15999999999999998
Silent Hill: Downpour,PS3,2012,Action,0.21,0.15,0.04,0.06,0.46,64,41,6.9,263.0,M,0.25
Naruto Shippuden: Ultimate Ninja Storm Generations,X360,2012,Fighting,0.26,0.14,0.01,0.04,0.44,74,35,7.2,48.0,T,0.18
Devil May Cry HD Collection,X360,2012,Action,0.28,0.11,0.01,0.03,0.44,77,32,8.4,93.0,M,0.15999999999999998
Ninja Gaiden 3,PS3,2012,Action,0.19,0.09,0.11,0.05,0.43,58,43,5.0,152.0,M,0.24
Resistance: Burning Skies,PSV,2012,Shooter,0.18,0.15,0.02,0.06,0.41,60,63,6.8,245.0,M,0.22999999999999998
Asuras Wrath,PS3,2012,Action,0.18,0.12,0.06,0.05,0.41,71,39,7.4,171.0,T,0.22999999999999998
Project X Zone,3DS,2012,Role-Playing,0.18,0.04,0.15,0.02,0.39,70,53,7.3,146.0,T,0.21000000000000002
Metal Gear Solid: Snake Eater 3D,3DS,2012,Action,0.15,0.11,0.1,0.02,0.38,78,46,7.8,167.0,M,0.23
Tekken Tag Tournament 2,X360,2012,Fighting,0.19,0.11,0.01,0.03,0.34,83,35,7.4,91.0,T,0.15000000000000002
Dead or Alive 5,X360,2012,Fighting,0.19,0.08,0.03,0.03,0.33,76,39,7.9,95.0,M,0.14
Binary Domain,PS3,2012,Action,0.09,0.07,0.14,0.03,0.33,72,33,8.2,180.0,M,0.24000000000000002
Silent Hill HD Collection,PS3,2012,Action,0.15,0.1,0.03,0.04,0.32,70,33,4.8,136.0,M,0.17
Starhawk,PS3,2012,Action,0.18,0.05,0.03,0.03,0.29,77,71,7.8,188.0,T,0.10999999999999999
Ninja Gaiden 3,X360,2012,Action,0.16,0.05,0.03,0.02,0.25,58,39,4.4,136.0,M,0.09
Asuras Wrath,X360,2012,Action,0.15,0.06,0.01,0.02,0.25,71,54,6.6,131.0,T,0.1
Ys: Memories of Celceta,PSV,2012,Action,0.1,0.01,0.1,0.04,0.24,82,56,8.8,240.0,T,0.13999999999999999
Spirit Camera: The Cursed Memoir,3DS,2012,Adventure,0.13,0.02,0.06,0.01,0.23,54,35,6.1,28.0,T,0.1
Armored Core V,X360,2012,Simulation,0.13,0.03,0.04,0.01,0.21,68,37,7.2,37.0,T,0.07999999999999999
Anarchy Reigns,PS3,2012,Action,0.1,0.03,0.06,0.02,0.2,71,35,8.2,106.0,M,0.1
Tekken 3D: Prime Edition,3DS,2012,Fighting,0.06,0.07,0.05,0.01,0.2,64,42,5.9,39.0,T,0.14
Binary Domain,X360,2012,Action,0.09,0.06,0.02,0.02,0.19,74,43,8.1,186.0,M,0.1
Anarchy Reigns,X360,2012,Action,0.12,0.02,0.02,0.01,0.17,73,38,7.9,105.0,M,0.05000000000000002
Time and Eternity,PS3,2012,Role-Playing,0.06,0.03,0.06,0.02,0.17,42,40,5.0,78.0,T,0.11000000000000001
Steel Battalion: Heavy Armor,X360,2012,Misc,0.08,0.02,0.02,0.01,0.13,38,58,2.4,92.0,M,0.05
NeverDead,PS3,2012,Shooter,0.06,0.04,0.01,0.02,0.12,50,32,4.7,47.0,M,0.06
Call of Duty: Modern Warfare 3,X360,2011,Shooter,9.06,4.26,0.13,1.33,14.77,88,81,3.4,8715.0,M,5.709999999999999
Call of Duty: Modern Warfare 3,PS3,2011,Shooter,5.54,5.73,0.49,1.57,13.32,88,39,3.2,5237.0,M,7.78
The Elder Scrolls V: Skyrim,X360,2011,Role-Playing,5.08,2.8,0.1,0.86,8.84,96,89,8.4,3602.0,M,3.76
Battlefield 3,X360,2011,Shooter,4.47,2.11,0.06,0.69,7.33,84,57,7.4,2144.0,M,2.8600000000000003
Battlefield 3,PS3,2011,Shooter,2.86,2.89,0.35,1.08,7.18,85,38,7.5,1762.0,M,4.32
Uncharted 3: Drakes Deception,PS3,2011,Action,2.77,2.75,0.19,1.03,6.74,92,97,8.3,3732.0,T,3.97
Gears of War 3,X360,2011,Shooter,4.05,1.59,0.07,0.5,6.21,91,96,7.8,1510.0,M,2.16
Batman: Arkham City,PS3,2011,Action,2.71,1.85,0.11,0.81,5.48,96,42,8.6,2174.0,T,2.7700000000000005
Batman: Arkham City,X360,2011,Action,2.99,1.27,0.04,0.42,4.73,94,87,8.7,1477.0,T,1.7400000000000002
Assassins Creed: Revelations,PS3,2011,Action,1.41,2.01,0.1,0.7,4.22,80,39,7.5,620.0,M,2.8099999999999996
Assassins Creed: Revelations,X360,2011,Action,2.25,1.47,0.04,0.43,4.2,80,77,7.2,570.0,M,1.9500000000000002
L.A. Noire,PS3,2011,Adventure,1.28,1.29,0.12,0.5,3.18,89,78,7.7,1017.0,M,1.9000000000000001
Killzone 3,PS3,2011,Shooter,1.46,0.86,0.09,0.38,2.78,84,85,7.9,945.0,M,1.3199999999999998
Saints Row: The Third,X360,2011,Action,1.25,1.14,0.07,0.3,2.77,84,70,7.6,492.0,M,1.52
L.A. Noire,X360,2011,Adventure,1.53,0.92,0.02,0.24,2.7,89,83,7.8,895.0,M,1.1700000000000002
Final Fantasy XIII-2,PS3,2011,Role-Playing,0.78,0.73,0.89,0.23,2.63,79,53,6.6,713.0,T,1.8499999999999999
Saints Row: The Third,PS3,2011,Action,0.86,1.04,0.18,0.38,2.47,82,50,7.7,386.0,M,1.6100000000000003
Halo: Combat Evolved Anniversary,X360,2011,Shooter,1.44,0.7,0.04,0.22,2.4,82,73,8.1,488.0,M,0.96
Dead Island,PS3,2011,Action,1.08,0.73,0.15,0.31,2.27,71,41,6.6,409.0,M,1.19
Dance Central 2,X360,2011,Misc,1.45,0.41,0.01,0.16,2.04,86,56,8.2,63.0,T,0.5900000000000001
Dark Souls,PS3,2011,Role-Playing,0.75,0.51,0.54,0.22,2.02,89,54,8.7,1410.0,M,1.27
Need for Speed: The Run,PS3,2011,Action,0.58,1.04,0.03,0.36,2.01,64,48,6.4,183.0,T,1.4299999999999997
inFAMOUS 2,PS3,2011,Action,1.05,0.47,0.08,0.22,1.82,83,90,8.4,935.0,T,0.77
Rage,X360,2011,Shooter,0.82,0.6,0.03,0.15,1.6,81,77,6.7,559.0,M,0.7800000000000001
Uncharted: Golden Abyss,PSV,2011,Shooter,0.53,0.66,0.13,0.22,1.54,80,80,7.4,771.0,T,1.01
Resistance 3,PS3,2011,Shooter,0.64,0.57,0.05,0.22,1.48,83,91,7.8,544.0,M,0.84
Homefront,X360,2011,Shooter,0.83,0.48,0.02,0.12,1.46,70,85,6.0,399.0,M,0.63
Mass Effect 2,PS3,2011,Role-Playing,0.78,0.45,0.03,0.19,1.45,94,62,8.5,1087.0,M,0.6699999999999999
Deus Ex: Human Revolution,X360,2011,Shooter,0.77,0.47,0.02,0.13,1.38,89,70,8.3,688.0,M,0.6099999999999999
Deus Ex: Human Revolution,PS3,2011,Shooter,0.5,0.59,0.07,0.22,1.37,89,50,8.2,686.0,M,0.8700000000000001
Crysis 2,X360,2011,Action,0.71,0.49,0.02,0.12,1.34,84,72,7.5,534.0,M,0.6300000000000001
Marvel vs. Capcom 3: Fate of Two Worlds,PS3,2011,Fighting,0.81,0.28,0.11,0.14,1.34,84,56,7.3,149.0,T,0.53
Rage,PS3,2011,Shooter,0.47,0.58,0.06,0.2,1.31,81,37,6.2,354.0,M,0.8400000000000001
Crysis 2,PS3,2011,Action,0.46,0.56,0.06,0.21,1.3,85,54,7.2,407.0,M,0.8400000000000001
Super Street Fighter IV: 3D Edition,3DS,2011,Fighting,0.55,0.44,0.14,0.09,1.21,85,69,8.1,207.0,T,0.6599999999999999
Dragon Age II,X360,2011,Action,0.72,0.29,0.01,0.09,1.11,79,75,4.5,2382.0,M,0.3900000000000001
Marvel vs. Capcom 3: Fate of Two Worlds,X360,2011,Fighting,0.79,0.18,0.03,0.07,1.07,85,77,7.1,167.0,T,0.28
DiRT 3,PS3,2011,Racing,0.27,0.57,0.01,0.2,1.06,87,52,7.1,122.0,T,0.79
Brink,X360,2011,Shooter,0.59,0.35,0.01,0.09,1.03,68,85,5.8,404.0,T,0.44000000000000006
Bulletstorm,X360,2011,Shooter,0.61,0.32,0.01,0.08,1.02,84,83,7.6,440.0,M,0.41000000000000003
Driver: San Francisco,PS3,2011,Racing,0.24,0.52,0.01,0.18,0.95,79,53,7.7,114.0,T,0.71
Homefront,PS3,2011,Shooter,0.32,0.39,0.04,0.15,0.9,70,60,5.7,174.0,M,0.5800000000000001
SOCOM 4: U.S. Navy SEALs,PS3,2011,Shooter,0.66,0.11,0.04,0.08,0.89,67,64,6.3,121.0,M,0.22999999999999998
Tales of the Abyss,3DS,2011,Role-Playing,0.44,0.19,0.14,0.06,0.84,75,33,7.6,198.0,T,0.39999999999999997
Dragon Age II,PS3,2011,Action,0.4,0.26,0.05,0.11,0.83,82,52,4.3,1199.0,M,0.42999999999999994
The Lord of the Rings: War in the North,PS3,2011,Action,0.25,0.42,0.01,0.13,0.82,63,33,7.0,100.0,M,0.57
Final Fantasy XIII-2,X360,2011,Role-Playing,0.36,0.29,0.02,0.06,0.73,79,50,6.3,268.0,T,0.37
Brink,PS3,2011,Shooter,0.29,0.32,0.01,0.12,0.73,72,39,5.8,168.0,T,0.44
DiRT 3,X360,2011,Racing,0.23,0.4,0.01,0.08,0.72,87,81,7.1,166.0,T,0.49
Catherine,PS3,2011,Adventure,0.3,0.14,0.2,0.06,0.7,79,61,8.1,377.0,M,0.39999999999999997
The Last Story,Wii,2011,Role-Playing,0.3,0.13,0.18,0.04,0.65,80,61,8.4,179.0,T,0.35000000000000003
Test Drive Unlimited 2,PS3,2011,Racing,0.16,0.34,0.01,0.12,0.62,70,43,6.1,44.0,T,0.45999999999999996
Alice: Madness Returns,PS3,2011,Adventure,0.22,0.24,0.04,0.08,0.58,70,51,7.9,181.0,M,0.36
Disgaea 4: A Promise Unforgotten,PS3,2011,Role-Playing,0.27,0.11,0.14,0.05,0.57,80,39,7.8,127.0,T,0.29999999999999993
God of War: Origins Collection,PS3,2011,Action,0.39,0.08,0.02,0.06,0.55,84,58,8.4,208.0,M,0.16000000000000003
Two Worlds II,X360,2011,Role-Playing,0.4,0.07,0.03,0.03,0.54,67,50,6.6,140.0,M,0.14
Bulletstorm,PS3,2011,Shooter,0.24,0.2,0.01,0.09,0.53,83,57,7.7,288.0,M,0.29000000000000004
Alice: Madness Returns,X360,2011,Adventure,0.27,0.14,0.04,0.04,0.5,70,67,8.1,157.0,M,0.22999999999999998
Bleach: Soul Resurreccion,PS3,2011,Fighting,0.27,0.1,0.07,0.05,0.49,58,34,7.1,47.0,T,0.21999999999999997
Ace Combat: Assault Horizon,X360,2011,Action,0.3,0.12,0.03,0.04,0.49,78,71,6.2,82.0,T,0.19
Resident Evil: The Mercenaries 3D,3DS,2011,Action,0.16,0.16,0.13,0.03,0.49,65,69,6.4,110.0,M,0.32999999999999996
Rise of Nightmares,X360,2011,Action,0.28,0.13,0.01,0.04,0.47,54,56,7.8,44.0,M,0.18999999999999995
Red Faction: Armageddon,PS3,2011,Shooter,0.2,0.15,0.03,0.07,0.45,71,52,7.3,58.0,M,0.25
F.E.A.R. 3,PS3,2011,Shooter,0.21,0.16,0.01,0.07,0.45,74,48,7.1,103.0,M,0.24000000000000002
Dead or Alive: Dimensions,3DS,2011,Fighting,0.13,0.21,0.07,0.03,0.45,79,62,8.2,114.0,T,0.32
F.E.A.R. 3,X360,2011,Shooter,0.3,0.11,0.01,0.04,0.45,75,71,7.0,139.0,M,0.15000000000000002
Red Faction: Armageddon,X360,2011,Shooter,0.18,0.16,0.01,0.04,0.39,71,74,7.0,77.0,M,0.21000000000000002
Dungeon Siege III,PS3,2011,Role-Playing,0.17,0.13,0.03,0.05,0.39,71,52,6.3,86.0,T,0.22
Dungeon Siege III,X360,2011,Role-Playing,0.21,0.12,0.01,0.03,0.37,72,55,5.9,102.0,T,0.16
The King of Fighters XIII,X360,2011,Fighting,0.23,0.06,0.01,0.03,0.33,79,31,8.2,51.0,T,0.1
Dead Rising 2: Off the Record,PS3,2011,Action,0.11,0.08,0.1,0.03,0.32,72,31,7.1,35.0,M,0.21000000000000002
Operation Flashpoint: Red River,PS3,2011,Shooter,0.06,0.14,0.07,0.05,0.32,67,36,6.3,18.0,M,0.26
Catherine,X360,2011,Adventure,0.2,0.06,0.03,0.02,0.31,82,39,7.9,153.0,M,0.10999999999999999
Pandoras Tower,Wii,2011,Role-Playing,0.11,0.1,0.08,0.02,0.31,73,48,8.0,99.0,T,0.2
Tom Clancys Splinter Cell 3D,3DS,2011,Action,0.14,0.07,0.07,0.02,0.3,53,32,5.5,26.0,T,0.15999999999999998
Operation Flashpoint: Red River,X360,2011,Shooter,0.1,0.14,0.01,0.03,0.28,69,64,6.1,29.0,M,0.18000000000000002
El Shaddai: Ascension of the Metatron,PS3,2011,Action,0.11,0.06,0.08,0.03,0.28,78,46,7.5,40.0,T,0.17000000000000004
Shadows of the Damned,PS3,2011,Action,0.11,0.09,0.04,0.03,0.27,77,56,8.1,126.0,M,0.16000000000000003
Hunted: The Demons Forge,PS3,2011,Action,0.12,0.08,0.02,0.03,0.25,57,34,6.2,70.0,M,0.13
Ace Combat: Assault Horizon Legacy,3DS,2011,Simulation,0.1,0.06,0.08,0.01,0.24,71,37,7.8,26.0,T,0.13999999999999999
Dynasty Warriors Next,PSV,2011,Action,0.05,0.06,0.11,0.02,0.24,67,35,7.5,73.0,T,0.19
Earth Defense Force: Insect Armageddon,X360,2011,Shooter,0.1,0.04,0.03,0.01,0.19,68,40,8.2,45.0,T,0.09
Shadows of the Damned,X360,2011,Action,0.1,0.06,0.01,0.02,0.19,76,76,8.4,139.0,M,0.09
El Shaddai: Ascension of the Metatron,X360,2011,Action,0.07,0.05,0.03,0.01,0.16,75,44,7.0,47.0,T,0.09
Call of Duty: Black Ops,X360,2010,Shooter,9.73,3.7,0.11,1.13,14.67,87,89,6.3,1456.0,M,4.9399999999999995
Call of Duty: Black Ops,PS3,2010,Shooter,6.0,4.37,0.48,1.8,12.64,88,58,6.4,1095.0,M,6.640000000000001
Halo: Reach,X360,2010,Shooter,7.06,1.97,0.08,0.79,9.9,91,99,7.9,2053.0,M,2.8400000000000007
Red Dead Redemption,PS3,2010,Action,2.8,2.53,0.17,1.0,6.51,95,73,8.9,2475.0,M,3.71
Red Dead Redemption,X360,2010,Action,3.71,1.97,0.09,0.58,6.35,95,96,9.0,2327.0,M,2.6399999999999997
Fable III,X360,2010,Role-Playing,3.59,1.08,0.05,0.38,5.1,80,88,6.5,608.0,M,1.5099999999999998
God of War III,PS3,2010,Action,2.74,1.34,0.12,0.61,4.8,92,101,8.7,2647.0,M,2.0599999999999996
Fallout: New Vegas,X360,2010,Role-Playing,2.66,1.03,0.04,0.33,4.06,84,81,8.1,775.0,M,1.3999999999999995
Assassins Creed: Brotherhood,X360,2010,Action,2.85,0.38,0.03,0.24,3.5,89,81,8.3,700.0,M,0.6499999999999999
Battlefield: Bad Company 2,X360,2010,Shooter,2.1,1.01,0.04,0.32,3.48,88,75,8.6,870.0,M,1.38
Dance Central,X360,2010,Misc,2.15,0.76,0.01,0.26,3.17,82,63,7.6,85.0,T,1.02
Fallout: New Vegas,PS3,2010,Role-Playing,1.53,1.03,0.1,0.46,3.12,82,57,7.8,496.0,M,1.59
Mass Effect 2,X360,2010,Role-Playing,1.99,0.81,0.03,0.27,3.1,96,98,8.9,3153.0,M,1.11
Heavy Rain,PS3,2010,Adventure,1.29,1.21,0.06,0.47,3.03,87,107,7.7,2775.0,M,1.7399999999999998
Battlefield: Bad Company 2,PS3,2010,Shooter,1.33,1.1,0.08,0.44,2.95,88,59,8.5,573.0,M,1.62
Assassins Creed: Brotherhood,PS3,2010,Action,1.87,0.55,0.11,0.29,2.82,90,59,8.2,800.0,M,0.9499999999999997
Medal of Honor,PS3,2010,Shooter,1.28,1.04,0.07,0.42,2.81,75,56,7.5,285.0,M,1.53
Medal of Honor,X360,2010,Shooter,1.56,0.8,0.04,0.21,2.62,74,71,6.7,288.0,M,1.06
BioShock 2,X360,2010,Shooter,1.45,0.54,0.02,0.19,2.2,88,93,8.2,575.0,M,0.7500000000000002
Final Fantasy XIII,X360,2010,Role-Playing,1.28,0.67,0.01,0.21,2.17,82,54,6.3,543.0,T,0.8899999999999999
Metal Gear Solid: Peace Walker,PSP,2010,Action,0.46,0.41,0.96,0.24,2.06,89,66,8.9,445.0,T,1.6
Tom Clancys Splinter Cell: Conviction,X360,2010,Action,1.2,0.62,0.04,0.19,2.06,85,90,7.7,589.0,M,0.8600000000000001
The Sims 3,PS3,2010,Simulation,0.73,0.89,0.02,0.3,1.94,78,39,6.4,55.0,T,1.21
Just Cause 2,PS3,2010,Action,0.45,0.92,0.06,0.32,1.75,83,66,8.0,293.0,M,1.3
Just Cause 2,X360,2010,Action,0.59,0.83,0.02,0.17,1.6,81,74,8.0,269.0,M,1.0100000000000002
BioShock 2,PS3,2010,Shooter,0.85,0.46,0.02,0.22,1.54,88,62,8.2,493.0,M,0.6900000000000001
Dead Rising 2,X360,2010,Action,0.75,0.52,0.09,0.12,1.49,79,76,6.9,217.0,M,0.74
Mafia II,PS3,2010,Action,0.5,0.69,0.04,0.26,1.49,75,61,7.7,299.0,M,0.99
UFC Undisputed 2010,PS3,2010,Fighting,0.8,0.4,0.02,0.18,1.41,85,54,7.2,48.0,T,0.6099999999999999
Dead Rising 2,PS3,2010,Action,0.43,0.57,0.15,0.21,1.37,80,54,6.7,178.0,M,0.9400000000000002
Metroid: Other M,Wii,2010,Action,0.85,0.28,0.13,0.1,1.35,79,71,6.5,483.0,T,0.5000000000000001
Alan Wake,X360,2010,Action,0.66,0.5,0.05,0.13,1.33,83,100,8.1,1162.0,T,0.67
Naruto Shippuden: Ultimate Ninja Storm 2,PS3,2010,Fighting,0.42,0.46,0.15,0.18,1.21,76,34,8.3,131.0,T,0.79
Crackdown 2,X360,2010,Shooter,0.63,0.36,0.02,0.1,1.12,70,91,6.0,202.0,M,0.4900000000000001
Castlevania: Lords of Shadow,PS3,2010,Action,0.5,0.35,0.1,0.15,1.1,85,62,7.9,472.0,M,0.6000000000000001
WWE SmackDown vs. Raw 2011,PS3,2010,Fighting,0.44,0.46,0.01,0.18,1.09,74,42,6.9,42.0,T,0.6500000000000001
Dantes Inferno,PS3,2010,Action,0.64,0.28,0.04,0.13,1.08,75,69,7.5,267.0,M,0.44000000000000006
Darksiders,X360,2010,Action,0.67,0.28,0.01,0.1,1.06,83,81,7.9,293.0,M,0.39
God of War: Ghost of Sparta,PSP,2010,Action,0.41,0.35,0.03,0.21,1.0,86,73,8.4,256.0,M,0.5900000000000001
Tales of Graces f,PS3,2010,Role-Playing,0.28,0.18,0.45,0.07,0.98,77,55,8.2,336.0,T,0.7
Lost Planet 2,PS3,2010,Shooter,0.29,0.33,0.2,0.13,0.95,68,56,6.9,62.0,T,0.6599999999999999
Dantes Inferno,X360,2010,Action,0.63,0.2,0.02,0.07,0.92,73,71,7.7,225.0,M,0.29000000000000004
Xenoblade Chronicles,Wii,2010,Role-Playing,0.43,0.25,0.16,0.07,0.91,92,59,8.9,957.0,T,0.48000000000000004
Army of Two: The 40th Day,PS3,2010,Shooter,0.44,0.27,0.01,0.12,0.85,74,56,7.0,88.0,M,0.41
Naruto Shippuden: Ultimate Ninja Storm 2,X360,2010,Fighting,0.43,0.27,0.01,0.07,0.78,74,31,8.5,39.0,T,0.35000000000000003
Lost Planet 2,X360,2010,Shooter,0.38,0.23,0.08,0.06,0.76,68,63,6.1,102.0,T,0.38
Resonance of Fate,PS3,2010,Role-Playing,0.2,0.21,0.24,0.08,0.73,72,42,8.0,136.0,T,0.53
Star Ocean: The Last Hope International,PS3,2010,Role-Playing,0.28,0.15,0.22,0.07,0.72,74,45,6.7,155.0,T,0.43999999999999995
James Bond 007: Blood Stone,PS3,2010,Shooter,0.18,0.36,0.02,0.13,0.7,65,49,7.4,46.0,T,0.52
Prince of Persia: The Forgotten Sands,PS3,2010,Action,0.19,0.36,0.01,0.12,0.69,75,49,7.5,122.0,T,0.49999999999999994
Castlevania: Lords of Shadow,X360,2010,Action,0.42,0.17,0.01,0.05,0.66,83,70,7.8,239.0,M,0.24000000000000005
Dragon Ball: Raging Blast 2,X360,2010,Fighting,0.49,0.09,0.01,0.05,0.64,57,33,7.4,31.0,T,0.15000000000000002
White Knight Chronicles II,PS3,2010,Role-Playing,0.23,0.09,0.27,0.04,0.63,60,45,7.2,65.0,T,0.4
Red Steel 2,Wii,2010,Shooter,0.35,0.21,0.01,0.06,0.62,80,73,8.5,179.0,T,0.27
NieR,PS3,2010,Role-Playing,0.17,0.18,0.2,0.07,0.62,68,58,8.4,268.0,M,0.44999999999999996
Vanquish,PS3,2010,Shooter,0.21,0.21,0.11,0.08,0.61,84,61,8.1,305.0,M,0.4
Enslaved: Odyssey to the West,PS3,2010,Action,0.24,0.22,0.01,0.09,0.55,80,53,7.5,313.0,T,0.31000000000000005
Metro 2033,X360,2010,Shooter,0.22,0.23,0.03,0.05,0.54,77,83,7.8,354.0,M,0.32000000000000006
Time Crisis: Razing Storm,PS3,2010,Shooter,0.18,0.2,0.07,0.08,0.54,58,49,5.9,15.0,T,0.36000000000000004
Valkyria Chronicles II,PSP,2010,Role-Playing,0.12,0.15,0.18,0.09,0.53,83,54,8.1,67.0,T,0.41000000000000003
Tatsunoko vs. Capcom: Ultimate All-Stars,Wii,2010,Fighting,0.3,0.15,0.03,0.05,0.53,85,62,8.8,85.0,T,0.23000000000000004
R.U.S.E.,PS3,2010,Strategy,0.18,0.22,0.02,0.08,0.5,76,37,7.3,50.0,T,0.32
SOCOM: U.S. Navy SEALs Fireteam Bravo 3,PSP,2010,Shooter,0.17,0.13,0.06,0.08,0.44,74,51,8.0,20.0,T,0.27
Hyperdimension Neptunia,PS3,2010,Role-Playing,0.22,0.09,0.07,0.04,0.43,45,31,7.0,148.0,T,0.21
Vanquish,X360,2010,Shooter,0.19,0.16,0.03,0.04,0.42,84,70,8.4,183.0,M,0.22999999999999998
No More Heroes 2: Desperate Struggle,Wii,2010,Action,0.2,0.11,0.04,0.03,0.39,84,68,8.8,184.0,M,0.19
Ghost Trick: Phantom Detective,DS,2010,Adventure,0.17,0.07,0.12,0.02,0.38,83,60,9.0,127.0,T,0.21
EA Sports MMA,PS3,2010,Fighting,0.16,0.14,0.01,0.06,0.37,77,47,6.9,38.0,T,0.21
Tom Clancys HAWX 2,X360,2010,Action,0.24,0.09,0.01,0.03,0.36,68,57,6.3,29.0,T,0.12
The Shoot,PS3,2010,Shooter,0.13,0.15,0.01,0.05,0.34,60,39,6.2,11.0,T,0.21000000000000002
Resonance of Fate,X360,2010,Role-Playing,0.12,0.13,0.06,0.03,0.33,74,43,7.8,97.0,T,0.21000000000000002
BlazBlue: Continuum Shift,X360,2010,Fighting,0.23,0.04,0.02,0.02,0.31,85,32,8.7,26.0,T,0.07999999999999999
Front Mission Evolved,PS3,2010,Shooter,0.09,0.06,0.11,0.03,0.29,58,42,6.0,31.0,T,0.19999999999999998
NieR,X360,2010,Role-Playing,0.13,0.1,0.04,0.02,0.29,67,60,8.3,128.0,M,0.15999999999999998
Majin and the Forsaken Kingdom,PS3,2010,Adventure,0.09,0.13,0.01,0.05,0.29,72,49,7.9,35.0,T,0.19999999999999998
Dead to Rights: Retribution,PS3,2010,Shooter,0.1,0.12,0.02,0.05,0.28,60,44,5.9,27.0,M,0.18000000000000002
Singularity,PS3,2010,Shooter,0.17,0.04,0.01,0.03,0.24,77,48,7.7,100.0,M,0.06999999999999998
Front Mission Evolved,X360,2010,Shooter,0.1,0.07,0.02,0.02,0.2,58,52,6.1,24.0,T,0.1
No More Heroes: Heroes Paradise,PS3,2010,Action,0.1,0.04,0.04,0.02,0.19,72,38,7.3,38.0,M,0.09
Quantum Theory,PS3,2010,Shooter,0.05,0.09,0.02,0.03,0.19,43,34,5.3,21.0,M,0.14
Dead or Alive Paradise,PSP,2010,Misc,0.07,0.02,0.07,0.02,0.18,38,34,5.6,37.0,M,0.10999999999999999
Fist of the North Star: Kens Rage,X360,2010,Action,0.07,0.02,0.06,0.01,0.16,59,38,7.3,23.0,M,0.09
TRINITY: Souls of Zill Oll,PS3,2010,Role-Playing,0.06,0.03,0.03,0.01,0.14,55,34,6.2,33.0,T,0.08000000000000002
Call of Duty: Modern Warfare 2,X360,2009,Shooter,8.52,3.6,0.08,1.28,13.48,94,100,6.3,2702.0,M,4.960000000000001
Call of Duty: Modern Warfare 2,PS3,2009,Shooter,4.99,3.64,0.38,1.6,10.6,94,67,6.3,2077.0,M,5.609999999999999
Uncharted 2: Among Thieves,PS3,2009,Action,3.27,2.2,0.21,0.98,6.67,96,105,8.8,5226.0,T,3.4
Halo 3: ODST,X360,2009,Shooter,4.34,1.34,0.06,0.61,6.34,83,94,7.1,1166.0,M,2.0
Assassins Creed II,PS3,2009,Action,2.54,1.93,0.21,0.86,5.55,91,70,8.6,1212.0,M,3.01
Final Fantasy XIII,PS3,2009,Role-Playing,1.75,1.21,1.87,0.51,5.34,83,83,7.2,2506.0,T,3.59
Assassins Creed II,X360,2009,Action,3.12,1.55,0.08,0.52,5.27,90,82,8.8,1320.0,M,2.1499999999999995
Resident Evil 5,PS3,2009,Action,1.96,1.41,1.08,0.64,5.09,84,76,7.5,671.0,M,3.13
Batman: Arkham Asylum,PS3,2009,Action,2.24,1.31,0.07,0.61,4.24,91,70,8.9,1130.0,T,2.0
Street Fighter IV,PS3,2009,Fighting,2.03,1.04,0.58,0.52,4.17,94,61,7.3,331.0,T,2.14
Left 4 Dead 2,X360,2009,Shooter,2.67,0.87,0.05,0.38,3.97,89,76,8.6,684.0,M,1.3000000000000003
Resident Evil 5,X360,2009,Action,2.11,0.93,0.12,0.34,3.5,83,91,7.5,526.0,M,1.3900000000000001
Batman: Arkham Asylum,X360,2009,Action,2.21,0.95,0.02,0.31,3.49,92,78,8.7,1083.0,T,1.2800000000000002
Borderlands,X360,2009,Shooter,2.4,0.71,0.03,0.29,3.44,84,83,8.2,717.0,M,1.04
Killzone 2,PS3,2009,Shooter,1.4,1.06,0.08,0.47,3.01,91,94,8.1,1509.0,M,1.6099999999999999
Street Fighter IV,X360,2009,Fighting,1.83,0.7,0.15,0.26,2.94,93,77,7.3,292.0,T,1.1099999999999999
inFAMOUS,PS3,2009,Action,1.76,0.68,0.12,0.37,2.93,85,98,8.3,1176.0,T,1.1700000000000002
Tekken 6,PS3,2009,Fighting,1.2,0.97,0.17,0.42,2.75,79,63,7.4,214.0,T,1.55
Halo Wars,X360,2009,Strategy,1.55,0.8,0.04,0.25,2.63,82,92,7.2,457.0,T,1.0799999999999998
God of War Collection,PS3,2009,Action,1.7,0.44,0.06,0.4,2.6,91,50,8.7,531.0,M,0.9000000000000001
Dragon Age: Origins,X360,2009,Role-Playing,1.76,0.55,0.03,0.22,2.56,86,68,7.9,726.0,M,0.8
Monster Hunter Tri,Wii,2009,Role-Playing,0.65,0.4,1.05,0.11,2.22,84,70,8.6,220.0,T,1.5700000000000003
Demons Souls,PS3,2009,Role-Playing,0.97,0.33,0.35,0.17,1.82,89,81,8.9,1451.0,M,0.8500000000000001
UFC 2009 Undisputed,PS3,2009,Fighting,1.07,0.44,0.01,0.24,1.76,84,58,8.1,47.0,T,0.69
Dragon Age: Origins,PS3,2009,Role-Playing,0.96,0.42,0.08,0.21,1.67,87,41,7.9,603.0,M,0.71
Grand Theft Auto: Chinatown Wars,DS,2009,Action,0.58,0.56,0.05,0.14,1.32,93,85,8.3,281.0,M,0.7400000000000001
Tekken 6,X360,2009,Fighting,0.71,0.41,0.05,0.12,1.3,80,59,7.0,133.0,T,0.5900000000000001
Assassins Creed: Bloodlines,PSP,2009,Action,0.43,0.48,0.05,0.28,1.24,63,38,7.1,70.0,M,0.81
Bayonetta,PS3,2009,Action,0.44,0.39,0.21,0.16,1.21,87,54,7.7,356.0,M,0.77
WWE SmackDown vs. Raw 2010,PS3,2009,Fighting,0.48,0.48,0.01,0.2,1.17,81,38,8.1,55.0,T,0.69
Skate 2,X360,2009,Sports,0.82,0.17,0.01,0.09,1.09,84,70,7.9,73.0,T,0.27000000000000013
Grand Theft Auto: Chinatown Wars,PSP,2009,Action,0.28,0.49,0.03,0.27,1.07,90,77,7.3,146.0,M,0.79
Resident Evil: The Darkside Chronicles,Wii,2009,Action,0.46,0.31,0.2,0.09,1.05,75,55,8.0,60.0,M,0.5900000000000001
WWE SmackDown vs. Raw 2010,X360,2009,Fighting,0.56,0.37,0.01,0.1,1.04,80,59,8.4,36.0,T,0.48
Bayonetta,X360,2009,Action,0.51,0.25,0.09,0.08,0.93,90,86,8.0,598.0,M,0.42000000000000004
Operation Flashpoint: Dragon Rising,X360,2009,Shooter,0.36,0.45,0.02,0.1,0.93,77,47,7.8,112.0,M,0.5700000000000001
Operation Flashpoint: Dragon Rising,PS3,2009,Shooter,0.23,0.46,0.05,0.17,0.91,76,42,6.5,53.0,M,0.68
Resistance: Retribution,PSP,2009,Shooter,0.27,0.36,0.05,0.21,0.89,81,67,8.1,84.0,M,0.62
Call of Juarez: Bound in Blood,PS3,2009,Shooter,0.35,0.37,0.01,0.15,0.88,78,47,7.8,91.0,M,0.53
Red Faction: Guerrilla,X360,2009,Shooter,0.48,0.29,0.01,0.09,0.87,85,84,8.0,239.0,M,0.39
Ninja Gaiden Sigma 2,PS3,2009,Action,0.52,0.16,0.08,0.1,0.85,83,52,7.7,115.0,M,0.32999999999999996
The House of the Dead: Overkill,Wii,2009,Shooter,0.44,0.3,0.02,0.09,0.85,78,65,8.7,95.0,M,0.41
Skate 2,PS3,2009,Sports,0.46,0.25,0.01,0.12,0.84,84,50,7.8,53.0,T,0.37999999999999995
The Godfather II,X360,2009,Action,0.47,0.23,0.01,0.08,0.79,65,72,6.9,60.0,M,0.32000000000000006
Star Ocean: The Last Hope,X360,2009,Role-Playing,0.32,0.2,0.21,0.06,0.79,72,56,7.2,150.0,T,0.47000000000000003
MadWorld,Wii,2009,Action,0.45,0.24,0.02,0.07,0.78,81,74,8.6,178.0,M,0.33
The Godfather II,PS3,2009,Action,0.41,0.21,0.01,0.1,0.74,67,53,7.2,50.0,M,0.33
Red Faction: Guerrilla,PS3,2009,Shooter,0.33,0.27,0.02,0.12,0.74,85,56,8.1,136.0,M,0.41
Ace Attorney Investigations: Miles Edgeworth,DS,2009,Adventure,0.23,0.14,0.3,0.04,0.7,78,51,8.4,79.0,T,0.47
Wet,PS3,2009,Shooter,0.22,0.27,0.01,0.11,0.61,70,61,6.4,56.0,M,0.39
Sacred 2: Fallen Angel,PS3,2009,Role-Playing,0.22,0.22,0.08,0.09,0.61,70,45,7.0,52.0,M,0.39
Muramasa: The Demon Blade,Wii,2009,Role-Playing,0.32,0.12,0.11,0.04,0.6,81,58,8.7,101.0,T,0.27999999999999997
Tom Clancys HAWX,X360,2009,Action,0.31,0.19,0.02,0.06,0.58,73,64,7.3,51.0,T,0.26999999999999996
BlazBlue: Calamity Trigger,PS3,2009,Fighting,0.36,0.1,0.06,0.06,0.57,87,50,8.4,112.0,T,0.20999999999999996
Tom Clancys HAWX,PS3,2009,Action,0.21,0.22,0.05,0.09,0.56,74,35,8.2,40.0,T,0.3500000000000001
Sacred 2: Fallen Angel,X360,2009,Role-Playing,0.29,0.16,0.04,0.05,0.54,71,56,7.3,64.0,M,0.25000000000000006
Terminator Salvation,PS3,2009,Shooter,0.13,0.28,0.01,0.1,0.53,43,41,3.9,71.0,T,0.4
SoulCalibur: Broken Destiny,PSP,2009,Fighting,0.12,0.2,0.07,0.12,0.51,80,52,6.2,45.0,T,0.39
Wet,X360,2009,Shooter,0.23,0.21,0.01,0.05,0.5,69,79,7.3,86.0,M,0.27
F.E.A.R. 2: Project Origin,PS3,2009,Shooter,0.19,0.2,0.01,0.08,0.47,79,48,7.9,98.0,M,0.27999999999999997
Dead Space Extraction,Wii,2009,Shooter,0.32,0.1,0.01,0.04,0.47,82,76,8.1,82.0,M,0.14999999999999997
Silent Hill: Shattered Memories,Wii,2009,Action,0.22,0.19,0.01,0.05,0.47,79,56,8.0,226.0,M,0.24999999999999997
Final Fantasy Crystal Chronicles: The Crystal Bearers,Wii,2009,Action,0.21,0.07,0.08,0.03,0.39,66,53,7.6,70.0,T,0.18000000000000002
Fragile Dreams: Farewell Ruins of the Moon,Wii,2009,Role-Playing,0.16,0.12,0.06,0.03,0.36,67,41,8.3,63.0,T,0.19999999999999998
Bionic Commando,PS3,2009,Platform,0.12,0.17,0.01,0.06,0.36,71,48,7.4,62.0,M,0.24
BlazBlue: Calamity Trigger,X360,2009,Fighting,0.21,0.08,0.04,0.03,0.36,86,51,8.5,70.0,T,0.15
Ninja Blade,X360,2009,Action,0.14,0.14,0.02,0.03,0.33,68,65,6.8,55.0,M,0.19
Battlestations: Pacific,X360,2009,Strategy,0.17,0.11,0.01,0.03,0.32,76,48,7.4,41.0,T,0.15
Tekken 6,PSP,2009,Fighting,0.15,0.03,0.1,0.03,0.32,82,39,8.2,68.0,T,0.17
Magna Carta 2,X360,2009,Role-Playing,0.13,0.07,0.07,0.02,0.3,69,49,7.0,57.0,T,0.16999999999999998
Little Kings Story,Wii,2009,Strategy,0.14,0.1,0.02,0.02,0.29,87,50,8.8,87.0,T,0.14999999999999997
Wanted: Weapons of Fate,PS3,2009,Shooter,0.14,0.1,0.01,0.04,0.29,61,56,7.0,26.0,M,0.14999999999999997
Bionic Commando,X360,2009,Platform,0.12,0.12,0.01,0.03,0.28,70,65,7.3,88.0,M,0.16000000000000003
Disgaea 2: Dark Hero Days,PSP,2009,Role-Playing,0.1,0.01,0.12,0.02,0.25,83,33,7.1,47.0,T,0.15
Tropico 3,X360,2009,Strategy,0.15,0.02,0.03,0.01,0.22,75,33,6.6,22.0,T,0.07
Infinite Space,DS,2009,Role-Playing,0.06,0.05,0.07,0.01,0.2,75,46,9.0,61.0,T,0.14
50 Cent: Blood on the Sand,PS3,2009,Shooter,0.1,0.06,0.01,0.03,0.19,72,37,7.1,58.0,M,0.09
Velvet Assassin,X360,2009,Shooter,0.14,0.02,0.01,0.01,0.18,56,46,6.9,56.0,M,0.03999999999999998
The King of Fighters XII,PS3,2009,Fighting,0.11,0.01,0.03,0.01,0.16,57,48,5.3,46.0,T,0.05
X-Blades,X360,2009,Action,0.1,0.02,0.02,0.01,0.14,50,39,5.4,14.0,M,0.04000000000000001
X-Blades,PS3,2009,Action,0.07,0.03,0.02,0.01,0.13,50,31,5.9,15.0,M,0.06
JU-ON: The Grudge,Wii,2009,Action,0.07,0.01,0.01,0.01,0.1,39,32,5.6,34.0,M,0.03
Super Smash Bros. Brawl,Wii,2008,Fighting,6.64,2.56,2.66,1.01,12.87,93,81,8.9,1667.0,T,6.2299999999999995
Grand Theft Auto IV,X360,2008,Action,6.77,3.07,0.14,1.03,11.01,98,86,7.9,2958.0,M,4.24
Grand Theft Auto IV,PS3,2008,Action,4.77,3.7,0.44,1.61,10.51,98,64,7.5,2849.0,M,5.74
Gears of War 2,X360,2008,Shooter,4.15,1.9,0.06,0.64,6.75,93,90,7.7,2746.0,M,2.5999999999999996
Metal Gear Solid 4: Guns of the Patriots,PS3,2008,Action,2.63,1.71,0.83,0.82,5.99,94,82,8.7,3575.0,M,3.3600000000000003
Fallout 3,X360,2008,Role-Playing,3.4,0.99,0.09,0.45,4.94,93,84,8.5,1658.0,M,1.5400000000000005
Fable II,X360,2008,Role-Playing,2.51,1.24,0.11,0.41,4.27,89,95,6.5,2427.0,M,1.7599999999999998
Fallout 3,PS3,2008,Role-Playing,2.16,1.13,0.07,0.59,3.95,90,57,8.0,916.0,M,1.79
Left 4 Dead,X360,2008,Shooter,2.66,0.49,0.05,0.3,3.51,89,67,7.9,1309.0,M,0.8499999999999996
God of War: Chains of Olympus,PSP,2008,Action,1.48,1.0,0.04,0.66,3.18,91,79,8.6,566.0,M,1.7000000000000002
Saints Row 2,X360,2008,Action,1.95,0.79,0.02,0.28,3.04,81,75,8.1,310.0,M,1.09
Resistance 2,PS3,2008,Shooter,1.15,0.84,0.1,0.38,2.47,87,79,6.1,1890.0,M,1.3200000000000003
Midnight Club: Los Angeles,PS3,2008,Racing,1.56,0.53,0.05,0.31,2.46,82,50,8.2,102.0,T,0.8999999999999999
Tom Clancys Rainbow Six: Vegas 2,X360,2008,Shooter,1.56,0.6,0.02,0.23,2.42,82,66,7.8,176.0,M,0.8599999999999999
Midnight Club: Los Angeles,X360,2008,Racing,1.69,0.45,0.01,0.21,2.36,81,66,8.5,142.0,T,0.6699999999999999
Dissidia: Final Fantasy,PSP,2008,Fighting,0.51,0.5,0.91,0.31,2.23,79,61,8.0,139.0,T,1.72
Need For Speed: Undercover,PS3,2008,Racing,0.63,1.0,0.05,0.38,2.05,59,40,5.9,72.0,T,1.42
Need For Speed: Undercover,X360,2008,Racing,0.8,0.7,0.01,0.18,1.69,64,62,5.9,104.0,T,0.8899999999999999
Saints Row 2,PS3,2008,Action,0.88,0.54,0.02,0.25,1.68,82,50,7.9,135.0,M,0.7999999999999999
Army of Two,X360,2008,Shooter,1.09,0.37,0.02,0.16,1.64,72,76,7.6,233.0,M,0.5499999999999998
Far Cry 2,X360,2008,Action,0.72,0.69,0.02,0.18,1.59,85,75,6.7,288.0,M,0.8700000000000001
SoulCalibur IV,X360,2008,Fighting,0.92,0.43,0.07,0.15,1.58,85,62,7.9,158.0,T,0.66
Devil May Cry 4,PS3,2008,Action,0.58,0.45,0.34,0.2,1.57,84,63,8.2,311.0,M,0.9900000000000001
007: Quantum of Solace,X360,2008,Action,0.82,0.51,0.01,0.14,1.48,65,69,7.1,71.0,T,0.66
SoulCalibur IV,PS3,2008,Fighting,0.72,0.4,0.14,0.2,1.46,85,65,7.9,129.0,T,0.74
Battlefield: Bad Company,X360,2008,Shooter,0.81,0.46,0.04,0.15,1.46,83,70,7.7,263.0,T,0.6499999999999999
BioShock,PS3,2008,Shooter,0.75,0.46,0.01,0.2,1.42,94,51,8.7,888.0,M,0.6699999999999999
Far Cry 2,PS3,2008,Action,0.43,0.69,0.01,0.26,1.38,85,49,6.4,241.0,M,0.95
MotorStorm: Pacific Rift,PS3,2008,Racing,0.43,0.65,0.02,0.25,1.35,82,63,8.0,319.0,T,0.9200000000000002
Devil May Cry 4,X360,2008,Action,0.79,0.34,0.08,0.13,1.34,84,61,8.0,248.0,M,0.55
Tom Clancys Rainbow Six: Vegas 2,PS3,2008,Shooter,0.66,0.44,0.04,0.21,1.34,81,32,7.9,93.0,M,0.68
Battlefield: Bad Company,PS3,2008,Shooter,0.76,0.35,0.05,0.18,1.34,84,50,8.1,205.0,T,0.5800000000000001
Valkyria Chronicles,PS3,2008,Role-Playing,0.71,0.19,0.24,0.13,1.27,86,60,8.6,434.0,T,0.56
Tomb Raider: Underworld,PS3,2008,Action,0.45,0.55,0.05,0.22,1.26,75,42,7.2,167.0,T,0.81
SOCOM: U.S. Navy SEALs Confrontation,PS3,2008,Shooter,0.94,0.16,0.02,0.13,1.25,63,64,6.9,223.0,M,0.31000000000000005
Army of Two,PS3,2008,Shooter,0.74,0.26,0.02,0.15,1.17,74,43,7.3,118.0,M,0.42999999999999994
Mirrors Edge,X360,2008,Platform,0.51,0.51,0.01,0.13,1.16,79,82,7.5,333.0,T,0.6499999999999999
007: Quantum of Solace,PS3,2008,Action,0.43,0.51,0.02,0.19,1.14,65,42,6.6,49.0,T,0.71
Mirrors Edge,PS3,2008,Platform,0.31,0.58,0.02,0.22,1.13,79,66,7.8,366.0,T,0.8199999999999998
Prince of Persia,PS3,2008,Action,0.47,0.4,0.03,0.17,1.07,85,59,7.3,246.0,T,0.6000000000000001
Tomb Raider: Underworld,X360,2008,Action,0.53,0.42,0.01,0.11,1.07,76,57,6.6,198.0,T,0.54
Naruto: Ultimate Ninja Storm,PS3,2008,Fighting,0.49,0.34,0.09,0.15,1.07,75,32,8.6,95.0,T,0.5800000000000001
Bully: Scholarship Edition,X360,2008,Action,0.53,0.4,0.03,0.11,1.06,80,56,8.3,156.0,T,0.53
Mercenaries 2: World in Flames,X360,2008,Shooter,0.65,0.3,0.01,0.1,1.06,72,69,7.2,152.0,T,0.41000000000000003
Ninja Gaiden II,X360,2008,Action,0.65,0.22,0.05,0.1,1.01,81,74,8.0,304.0,M,0.36
Prince of Persia,X360,2008,Action,0.54,0.34,0.02,0.1,1.01,81,73,7.0,189.0,T,0.47
Haze,PS3,2008,Shooter,0.49,0.33,0.02,0.15,0.99,55,65,6.5,296.0,M,0.5
WWE SmackDown vs. Raw 2009,PS3,2008,Fighting,0.51,0.3,0.01,0.12,0.94,78,37,7.0,49.0,T,0.42999999999999994
White Knight Chronicles: International Edition,PS3,2008,Role-Playing,0.33,0.16,0.36,0.08,0.94,64,77,7.5,213.0,T,0.6099999999999999
Tom Clancys EndWar,X360,2008,Strategy,0.58,0.24,0.01,0.09,0.91,77,63,7.2,53.0,T,0.33000000000000007
Mercenaries 2: World in Flames,PS3,2008,Shooter,0.29,0.39,0.02,0.16,0.87,72,43,7.1,73.0,T,0.5800000000000001
Dragon Ball Z: Burst Limit,PS3,2008,Fighting,0.22,0.33,0.18,0.12,0.85,71,32,7.2,52.0,T,0.63
Shin Megami Tensei: Persona 4,PS2,2008,Role-Playing,0.34,0.04,0.36,0.08,0.82,90,47,8.9,642.0,M,0.4799999999999999
Too Human,X360,2008,Role-Playing,0.38,0.29,0.03,0.08,0.78,65,80,7.0,458.0,T,0.4
Turok,X360,2008,Action,0.46,0.2,0.01,0.07,0.75,69,63,7.1,120.0,M,0.29
Tales of Vesperia,X360,2008,Role-Playing,0.32,0.17,0.19,0.05,0.74,79,67,8.2,265.0,T,0.42
Infinite Undiscovery,X360,2008,Role-Playing,0.34,0.18,0.12,0.06,0.7,68,60,7.0,158.0,T,0.35999999999999993
The Last Remnant,X360,2008,Role-Playing,0.25,0.2,0.18,0.06,0.68,66,49,6.9,123.0,M,0.43000000000000005
Turok,PS3,2008,Action,0.35,0.21,0.01,0.1,0.67,67,38,6.0,39.0,M,0.32000000000000006
Tom Clancys EndWar,PS3,2008,Strategy,0.33,0.22,0.01,0.11,0.66,76,33,6.6,42.0,T,0.33
Lost Planet: Extreme Condition,PS3,2008,Shooter,0.31,0.17,0.07,0.08,0.64,67,34,7.0,36.0,T,0.33
Okami,Wii,2008,Action,0.43,0.09,0.04,0.05,0.6,90,44,8.9,236.0,T,0.16999999999999998
Frontlines: Fuel of War,X360,2008,Shooter,0.34,0.15,0.01,0.05,0.56,75,55,7.8,77.0,T,0.22000000000000003
Disgaea 3: Absence of Justice,PS3,2008,Role-Playing,0.34,0.03,0.11,0.04,0.53,78,51,7.5,150.0,T,0.19
Tales of Symphonia: Dawn of the New World,Wii,2008,Role-Playing,0.21,0.04,0.24,0.02,0.52,68,46,7.1,94.0,T,0.31000000000000005
Dragon Ball Z: Burst Limit,X360,2008,Fighting,0.24,0.18,0.03,0.05,0.49,72,50,7.6,42.0,T,0.25
Dark Sector,X360,2008,Shooter,0.22,0.2,0.01,0.05,0.48,72,71,7.5,147.0,M,0.26
Dark Sector,PS3,2008,Shooter,0.23,0.16,0.01,0.07,0.47,72,47,7.6,70.0,M,0.23999999999999996
Unreal Tournament III,X360,2008,Shooter,0.25,0.17,0.01,0.05,0.47,82,47,7.6,95.0,M,0.21999999999999997
Eternal Sonata,PS3,2008,Role-Playing,0.19,0.12,0.07,0.05,0.44,80,34,7.8,117.0,T,0.25
Valkyrie Profile: Covenant of the Plume,DS,2008,Role-Playing,0.22,0.02,0.16,0.02,0.42,74,35,6.8,12.0,T,0.19999999999999998
Castlevania: Order of Ecclesia,DS,2008,Platform,0.27,0.02,0.04,0.03,0.36,85,46,8.7,111.0,T,0.08999999999999997
Star Ocean: Second Evolution,PSP,2008,Role-Playing,0.14,0.01,0.16,0.02,0.34,75,37,7.1,26.0,T,0.2
Cross Edge,PS3,2008,Role-Playing,0.14,0.02,0.05,0.02,0.23,52,32,7.2,82.0,T,0.09
Ninja Gaiden: Dragon Sword,DS,2008,Action,0.16,0.01,0.02,0.02,0.21,83,52,7.8,36.0,T,0.04999999999999999
Tenchu: Shadow Assassins,Wii,2008,Action,0.15,0.01,0.03,0.01,0.21,70,35,7.8,24.0,M,0.06
Disgaea DS,DS,2008,Role-Playing,0.11,0.01,0.05,0.01,0.18,82,32,7.5,35.0,T,0.06999999999999999
Castlevania Judgment,Wii,2008,Fighting,0.12,0.02,0.01,0.01,0.16,49,33,5.9,56.0,T,0.04000000000000001
The Sky Crawlers: Innocent Aces,Wii,2008,Simulation,0.08,0.02,0.01,0.01,0.12,74,42,7.9,13.0,T,0.039999999999999994
Halo 3,X360,2007,Shooter,7.97,2.81,0.13,1.21,12.12,94,86,7.8,4109.0,M,4.1499999999999995
Call of Duty 4: Modern Warfare,X360,2007,Shooter,5.95,2.37,0.13,0.9,9.35,94,70,8.4,1322.0,M,3.3999999999999995
Call of Duty 4: Modern Warfare,PS3,2007,Shooter,3.11,2.26,0.28,1.03,6.69,94,44,8.4,994.0,M,3.5800000000000005
Assassins Creed,X360,2007,Adventure,3.28,1.64,0.07,0.56,5.54,81,77,7.7,1084.0,M,2.2600000000000002
Links Crossbow Training,Wii,2007,Shooter,3.05,1.17,0.29,0.46,4.98,68,34,7.1,47.0,T,1.9300000000000006
Uncharted: Drakes Fortune,PS3,2007,Action,2.32,1.72,0.12,0.77,4.92,88,66,8.1,2332.0,T,2.6
Assassins Creed,PS3,2007,Adventure,1.91,2.0,0.09,0.82,4.82,81,40,7.3,777.0,M,2.91
Guitar Hero III: Legends of Rock,X360,2007,Misc,3.19,0.91,0.01,0.42,4.53,85,69,7.9,167.0,T,1.3400000000000003
God of War II,PS2,2007,Action,2.32,0.04,0.04,1.67,4.07,93,70,8.9,718.0,M,1.7500000000000004
Crisis Core: Final Fantasy VII,PSP,2007,Role-Playing,1.35,0.59,0.8,0.43,3.18,83,67,8.0,465.0,T,1.83
The Elder Scrolls IV: Oblivion,PS3,2007,Role-Playing,1.69,0.85,0.14,0.43,3.1,93,45,8.0,606.0,M,1.4100000000000001
Mass Effect,X360,2007,Role-Playing,1.83,0.79,0.03,0.27,2.91,91,74,8.7,1702.0,M,1.08
BioShock,X360,2007,Shooter,1.65,0.85,0.05,0.28,2.83,96,88,8.9,2256.0,M,1.1800000000000002
Guitar Hero III: Legends of Rock,PS3,2007,Misc,1.4,0.53,0.02,0.3,2.24,83,45,7.8,52.0,T,0.8400000000000003
The Orange Box,X360,2007,Shooter,1.09,0.53,0.02,0.17,1.82,96,54,8.9,800.0,M,0.73
Metroid Prime 3: Corruption,Wii,2007,Shooter,0.89,0.74,0.07,0.09,1.79,90,62,8.9,492.0,T,0.9
Crackdown,X360,2007,Shooter,1.0,0.53,0.03,0.18,1.75,83,75,8.0,340.0,M,0.75
Heavenly Sword,PS3,2007,Action,0.57,0.72,0.06,0.29,1.65,79,64,8.3,545.0,T,1.08
Resident Evil: The Umbrella Chronicles,Wii,2007,Action,0.67,0.43,0.29,0.14,1.52,75,47,7.6,122.0,M,0.85
Tom Clancys Rainbow Six: Vegas,PS3,2007,Shooter,0.47,0.53,0.03,0.22,1.25,86,32,7.6,81.0,M,0.78
Final Fantasy Tactics: The War of the Lions,PSP,2007,Role-Playing,0.45,0.24,0.3,0.16,1.16,88,41,8.0,238.0,T,0.71
Ninja Gaiden Sigma,PS3,2007,Action,0.57,0.32,0.09,0.16,1.14,88,46,7.5,156.0,M,0.57
Medal of Honor: Airborne,X360,2007,Shooter,0.45,0.52,0.01,0.12,1.1,73,54,6.7,77.0,T,0.6500000000000001
Virtua Fighter 5,PS3,2007,Fighting,0.29,0.51,0.08,0.2,1.08,85,47,7.4,67.0,T,0.79
Tom Clancys Ghost Recon Advanced Warfighter 2,X360,2007,Shooter,0.87,0.05,0.02,0.08,1.02,86,58,8.1,89.0,T,0.15000000000000002
Ace Combat 6: Fires of Liberation,X360,2007,Simulation,0.69,0.04,0.22,0.06,1.01,80,54,7.9,101.0,T,0.32000000000000006
Grand Theft Auto: Vice City Stories,PS2,2007,Action,0.78,0.03,0.03,0.13,0.97,75,37,7.8,69.0,M,0.18999999999999995
Lost Odyssey,X360,2007,Role-Playing,0.45,0.26,0.11,0.08,0.9,78,68,8.3,435.0,T,0.45
Time Crisis 4,PS3,2007,Shooter,0.32,0.32,0.05,0.14,0.83,60,52,7.4,21.0,T,0.51
Stranglehold,X360,2007,Shooter,0.4,0.33,0.01,0.09,0.82,77,59,7.6,91.0,M,0.41999999999999993
The World Ends With You,DS,2007,Role-Playing,0.49,0.04,0.21,0.04,0.78,88,59,8.9,284.0,T,0.29000000000000004
Ghost Squad,Wii,2007,Shooter,0.42,0.21,0.08,0.07,0.77,69,42,7.5,31.0,T,0.35000000000000003
Spider-Man 3,PS3,2007,Platform,0.26,0.29,0.02,0.11,0.67,60,33,7.0,40.0,T,0.41000000000000003
Star Ocean: First Departure,PSP,2007,Role-Playing,0.2,0.13,0.22,0.09,0.64,74,32,7.4,28.0,T,0.44
Odin Sphere,PS2,2007,Role-Playing,0.23,0.18,0.09,0.06,0.56,83,49,8.6,60.0,T,0.33000000000000007
No More Heroes,Wii,2007,Action,0.29,0.17,0.04,0.05,0.55,83,64,8.4,259.0,M,0.26000000000000006
Hotel Dusk: Room 215,DS,2007,Adventure,0.26,0.04,0.22,0.03,0.54,78,57,8.6,103.0,T,0.28
Silent Hill: Origins,PSP,2007,Action,0.22,0.15,0.04,0.1,0.52,78,40,7.8,107.0,M,0.30000000000000004
Lair,PS3,2007,Action,0.36,0.03,0.08,0.04,0.51,53,55,6.4,230.0,T,0.15000000000000002
Final Fantasy II Anniversary Edition,PSP,2007,Role-Playing,0.36,0.02,0.07,0.04,0.5,63,31,7.1,24.0,T,0.14
The Darkness,X360,2007,Shooter,0.36,0.04,0.01,0.03,0.44,82,63,8.1,196.0,M,0.08000000000000002
Castlevania: The Dracula X Chronicles,PSP,2007,Platform,0.22,0.09,0.04,0.07,0.41,80,43,7.8,62.0,T,0.18999999999999997
Medal of Honor Heroes 2,Wii,2007,Shooter,0.33,0.04,0.01,0.03,0.41,73,37,7.6,82.0,T,0.07999999999999996
Overlord,X360,2007,Strategy,0.34,0.03,0.01,0.03,0.4,76,47,8.3,70.0,T,0.06
Kingdom Under Fire: Circle of Doom,X360,2007,Role-Playing,0.18,0.12,0.04,0.03,0.37,55,44,5.9,49.0,M,0.19
Battalion Wars 2,Wii,2007,Strategy,0.22,0.02,0.08,0.02,0.34,75,38,7.6,45.0,T,0.12000000000000002
Eternal Sonata,X360,2007,Role-Playing,0.19,0.04,0.08,0.02,0.32,79,56,7.9,98.0,T,0.13
Folklore,PS3,2007,Role-Playing,0.2,0.04,0.05,0.03,0.32,75,55,8.2,147.0,T,0.12
Dynasty Warriors 6,X360,2007,Action,0.15,0.06,0.06,0.02,0.3,60,42,7.4,22.0,T,0.15
Trauma Center: New Blood,Wii,2007,Simulation,0.22,0.04,0.01,0.02,0.29,77,43,8.0,20.0,T,0.06999999999999998
Virtua Fighter 5 Online,X360,2007,Fighting,0.2,0.02,0.03,0.02,0.28,89,36,7.6,62.0,T,0.08000000000000002
Armored Core 4,X360,2007,Simulation,0.19,0.01,0.03,0.02,0.25,65,31,7.2,31.0,T,0.06
Dynasty Warriors Gundam,X360,2007,Action,0.15,0.01,0.02,0.01,0.19,55,34,6.8,20.0,T,0.04000000000000001
The Legend of Zelda: Twilight Princess,Wii,2006,Action,3.74,2.14,0.6,0.68,7.16,95,73,9.0,1664.0,T,3.42
Gears of War,X360,2006,Shooter,3.54,1.88,0.07,0.6,6.09,94,88,8.3,2301.0,M,2.55
Grand Theft Auto: Vice City Stories,PSP,2006,Action,1.7,1.99,0.16,1.19,5.03,86,50,8.0,152.0,M,3.33
The Elder Scrolls IV: Oblivion,X360,2006,Role-Playing,2.83,1.03,0.13,0.4,4.39,94,90,8.7,1113.0,M,1.5599999999999996
Resistance: Fall of Man,PS3,2006,Shooter,1.74,1.72,0.14,0.75,4.35,86,70,8.1,718.0,M,2.6099999999999994
Grand Theft Auto: Liberty City Stories,PS2,2006,Action,1.56,1.4,0.07,0.5,3.54,78,49,7.8,112.0,M,1.98
Call of Duty 3,X360,2006,Shooter,1.49,0.92,0.02,0.27,2.7,82,71,6.5,233.0,T,1.2100000000000002
Saints Row,X360,2006,Action,1.17,0.77,0.02,0.22,2.18,81,74,7.5,214.0,M,1.0100000000000002
Dead Rising,X360,2006,Action,1.16,0.64,0.08,0.2,2.08,85,82,7.6,521.0,M,0.9200000000000002
Tom Clancys Rainbow Six: Vegas,X360,2006,Shooter,1.09,0.65,0.02,0.2,1.95,88,69,8.3,225.0,M,0.8599999999999999
Fight Night Round 3,PS3,2006,Fighting,0.81,0.58,0.01,0.26,1.67,83,37,7.9,24.0,T,0.8599999999999999
Tom Clancys Ghost Recon Advanced Warfighter,X360,2006,Shooter,1.4,0.02,0.02,0.1,1.54,90,78,8.0,215.0,T,0.14000000000000012
Call of Duty 3,PS3,2006,Shooter,0.6,0.62,0.03,0.26,1.5,80,43,6.8,93.0,T,0.9
Dirge of Cerberus: Final Fantasy VII,PS2,2006,Shooter,0.47,0.37,0.52,0.12,1.48,57,51,6.9,105.0,T,1.01
Fight Night Round 3,X360,2006,Fighting,1.33,0.03,0.01,0.1,1.47,86,67,8.8,264.0,T,0.1399999999999999
Lost Planet: Extreme Condition,X360,2006,Shooter,1.09,0.04,0.1,0.1,1.34,79,76,7.1,187.0,T,0.25
Black,PS2,2006,Shooter,1.01,0.04,0.03,0.16,1.25,79,62,8.4,195.0,M,0.24
Metal Gear Solid: Portable Ops,PSP,2006,Action,0.38,0.35,0.38,0.08,1.19,87,54,8.2,148.0,M,0.8099999999999999
The Godfather,PS2,2006,Action,0.89,0.03,0.01,0.15,1.09,75,56,8.3,99.0,M,0.20000000000000007
Bully,PS2,2006,Action,0.75,0.03,0.04,0.12,0.94,87,69,9.1,300.0,T,0.18999999999999995
Blue Dragon,X360,2006,Role-Playing,0.3,0.32,0.21,0.08,0.92,79,56,7.8,161.0,T,0.6200000000000001
Tom Clancys Splinter Cell: Double Agent,X360,2006,Action,0.67,0.04,0.01,0.06,0.78,85,59,8.1,148.0,M,0.10999999999999999
Metroid Prime Hunters,DS,2006,Shooter,0.57,0.04,0.11,0.06,0.76,85,54,8.0,188.0,T,0.19000000000000006
Genji: Days of the Blade,PS3,2006,Action,0.18,0.37,0.06,0.14,0.75,55,46,5.8,30.0,T,0.5700000000000001
Red Steel,Wii,2006,Shooter,0.54,0.03,0.04,0.05,0.67,63,54,6.8,121.0,T,0.13
Okami,PS2,2006,Action,0.11,0.03,0.15,0.34,0.63,93,69,9.3,333.0,T,0.52
Tony Hawks Project 8,PS3,2006,Sports,0.3,0.22,0.01,0.1,0.63,76,43,7.1,15.0,T,0.33
Tomb Raider: Legend,PS2,2006,Action,0.25,0.19,0.02,0.06,0.52,82,43,7.2,99.0,T,0.27
Ace Combat Zero: The Belkan War,PS2,2006,Simulation,0.15,0.12,0.2,0.04,0.51,75,45,8.4,55.0,T,0.36
Bleach: The Blade of Fate,DS,2006,Fighting,0.29,0.01,0.12,0.03,0.45,83,32,7.5,23.0,T,0.16000000000000003
Battlefield 2: Modern Combat,X360,2006,Shooter,0.35,0.02,0.01,0.03,0.41,77,54,7.3,79.0,T,0.06
Castlevania: Portrait of Ruin,DS,2006,Platform,0.31,0.02,0.04,0.03,0.4,85,51,8.3,88.0,T,0.09000000000000002
Hitman: Blood Money,X360,2006,Action,0.29,0.06,0.01,0.03,0.39,82,53,8.7,102.0,M,0.10000000000000003
Tomb Raider: Legend,X360,2006,Action,0.27,0.07,0.01,0.03,0.37,80,54,7.3,84.0,T,0.09999999999999998
Xenosaga Episode III: Also sprach Zarathustra,PS2,2006,Role-Playing,0.09,0.07,0.18,0.02,0.37,81,34,9.0,59.0,T,0.28
Valkyrie Profile: Lenneth,PSP,2006,Role-Playing,0.17,0.01,0.16,0.02,0.36,80,39,8.4,59.0,T,0.18999999999999997
Trauma Center: Second Opinion,Wii,2006,Simulation,0.28,0.01,0.03,0.03,0.34,80,49,8.0,47.0,T,0.06
Tenchu Z,X360,2006,Action,0.27,0.02,0.02,0.03,0.34,56,51,7.3,58.0,M,0.07
Street Fighter Alpha 3 MAX,PSP,2006,Fighting,0.27,0.01,0.02,0.03,0.33,80,35,8.0,27.0,T,0.06
Disgaea 2: Cursed Memories,PS2,2006,Role-Playing,0.09,0.07,0.15,0.02,0.33,84,54,6.4,42.0,T,0.24000000000000002
Driver: Parallel Lines,PS2,2006,Racing,0.12,0.1,0.03,0.03,0.28,69,41,6.9,74.0,M,0.16000000000000003
Resident Evil: Deadly Silence,DS,2006,Action,0.11,0.02,0.11,0.01,0.26,71,41,8.4,36.0,M,0.15000000000000002
Dead or Alive Xtreme 2,X360,2006,Sports,0.15,0.02,0.06,0.02,0.25,53,46,6.7,42.0,M,0.1
Disgaea: Afternoon of Darkness,PSP,2006,Role-Playing,0.15,0.01,0.04,0.02,0.23,87,37,8.2,69.0,T,0.08000000000000002
Untold Legends: Dark Kingdom,PS3,2006,Role-Playing,0.14,0.02,0.02,0.02,0.2,58,40,7.2,36.0,T,0.06
Project Sylpheed: Arc of Deception,X360,2006,Shooter,0.12,0.01,0.02,0.01,0.15,64,45,8.6,24.0,T,0.03
Just Cause,X360,2006,Action,0.1,0.03,0.01,0.01,0.14,73,57,7.2,52.0,M,0.04000000000000001
Rumble Roses XX,X360,2006,Fighting,0.07,0.01,0.04,0.01,0.13,62,54,6.6,28.0,M,0.06
Bullet Witch,X360,2006,Shooter,0.07,0.01,0.02,0.01,0.1,55,59,6.1,41.0,M,0.03
Grand Theft Auto: Liberty City Stories,PSP,2005,Action,2.9,2.81,0.24,1.73,7.69,88,65,7.6,453.0,M,4.790000000000001
God of War,PS2,2005,Action,2.71,1.29,0.02,0.43,4.45,94,75,8.9,1007.0,M,1.7400000000000002
Need for Speed: Most Wanted,PS2,2005,Racing,2.03,1.79,0.08,0.47,4.37,82,36,9.1,138.0,T,2.3400000000000003
Tekken 5,PS2,2005,Fighting,0.93,1.94,0.31,0.7,3.87,88,62,8.7,233.0,T,2.94
Resident Evil 4,PS2,2005,Action,2.08,0.83,0.46,0.25,3.62,96,38,8.9,1025.0,M,1.54
Star Wars Episode III: Revenge of the Sith,PS2,2005,Action,1.47,1.39,0.03,0.43,3.32,60,34,7.2,82.0,T,1.8499999999999999
Call Of Duty 2: Big Red One,PS2,2005,Shooter,1.48,0.92,0.01,0.26,2.67,77,39,8.2,70.0,T,1.19
Guitar Hero,PS2,2005,Misc,1.67,0.61,0.03,0.07,2.38,91,65,8.7,173.0,T,0.71
Devil May Cry 3: Dantes Awakening,PS2,2005,Action,0.99,0.63,0.29,0.19,2.09,84,60,9.0,213.0,M,1.0999999999999999
Call of Duty 2,X360,2005,Shooter,1.84,0.04,0.01,0.16,2.05,89,65,8.1,310.0,T,0.20999999999999974
SOCOM 3: U.S. Navy SEALs,PS2,2005,Shooter,1.22,0.34,0.04,0.1,1.69,82,59,8.8,66.0,M,0.47
Resident Evil 4,GC,2005,Action,0.98,0.42,0.22,0.06,1.69,96,82,9.4,774.0,M,0.71
Need for Speed: Most Wanted,X360,2005,Racing,1.0,0.13,0.02,0.1,1.25,83,54,8.4,135.0,T,0.25
Ratchet: Deadlocked,PS2,2005,Shooter,0.85,0.03,0.22,0.14,1.24,81,51,8.9,155.0,T,0.39
Shadow of the Colossus,PS2,2005,Action,0.78,0.03,0.2,0.13,1.14,91,77,9.1,948.0,T,0.3599999999999999
Untold Legends: Brotherhood of the Blade,PSP,2005,Role-Playing,0.54,0.33,0.01,0.22,1.09,68,51,7.6,58.0,T,0.55
Star Fox: Assault,GC,2005,Shooter,0.68,0.18,0.19,0.03,1.08,67,59,8.1,106.0,T,0.4
SoulCalibur III,PS2,2005,Fighting,0.74,0.15,0.13,0.05,1.07,86,57,8.4,96.0,T,0.33000000000000007
Phoenix Wright: Ace Attorney,DS,2005,Adventure,0.44,0.05,0.39,0.05,0.92,81,53,9.2,203.0,T,0.48000000000000004
Rogue Galaxy,PS2,2005,Role-Playing,0.24,0.16,0.39,0.05,0.84,83,59,8.5,90.0,T,0.6
Perfect Dark Zero,X360,2005,Shooter,0.66,0.02,0.03,0.06,0.77,81,75,7.3,229.0,M,0.10999999999999999
True Crime: New York City,PS2,2005,Action,0.57,0.02,0.07,0.09,0.76,60,47,7.8,62.0,M,0.19000000000000006
Radiata Stories,PS2,2005,Role-Playing,0.18,0.14,0.29,0.05,0.65,74,36,9.1,55.0,T,0.47000000000000003
Metal Gear Solid 3: Subsistence,PS2,2005,Action,0.34,0.01,0.15,0.06,0.55,94,53,9.3,442.0,M,0.21000000000000002
Fire Emblem: Path of Radiance,GC,2005,Action,0.29,0.08,0.16,0.01,0.54,85,42,8.9,143.0,T,0.25000000000000006
Grandia III,PS2,2005,Role-Playing,0.12,0.1,0.24,0.03,0.49,77,38,8.3,53.0,T,0.37
Dead or Alive 4,X360,2005,Fighting,0.3,0.03,0.1,0.03,0.47,85,76,8.2,224.0,M,0.16999999999999998
Castlevania: Dawn of Sorrow,DS,2005,Platform,0.34,0.03,0.03,0.03,0.43,89,52,8.5,173.0,T,0.08999999999999997
Battalion Wars,GC,2005,Strategy,0.25,0.07,0.07,0.01,0.4,76,43,8.8,18.0,T,0.15000000000000002
Trauma Center: Under the Knife,DS,2005,Simulation,0.3,0.01,0.02,0.03,0.35,81,45,8.7,45.0,T,0.04999999999999999
Trace Memory,DS,2005,Adventure,0.15,0.01,0.12,0.01,0.29,70,51,8.1,42.0,T,0.13999999999999999
Suikoden Tactics,PS2,2005,Strategy,0.06,0.05,0.07,0.02,0.2,68,31,8.6,17.0,T,0.14
Grand Theft Auto: San Andreas,PS2,2004,Action,9.43,0.4,0.41,10.57,20.81,95,80,9.0,1606.0,M,11.379999999999999
Halo 2,X,2004,Shooter,6.82,1.53,0.05,0.08,8.49,95,91,8.2,1224.0,M,1.67
Star Wars: Battlefront,PS2,2004,Shooter,1.93,1.22,0.03,0.44,3.61,82,36,8.7,143.0,T,1.68
Spider-Man 2,PS2,2004,Action,1.75,1.2,0.02,0.43,3.41,80,50,8.9,109.0,T,1.6600000000000001
Call of Duty: Finest Hour,PS2,2004,Shooter,1.51,1.12,0.01,0.24,2.89,76,49,7.7,70.0,T,1.3800000000000001
The Incredibles,PS2,2004,Action,0.96,1.08,0.04,0.3,2.37,62,36,7.6,22.0,T,1.4100000000000001
Tony Hawks Underground 2,PS2,2004,Sports,1.25,0.86,0.01,0.26,2.37,83,59,8.8,55.0,T,1.12
James Bond 007: Everything or Nothing,PS2,2004,Shooter,0.85,1.06,0.09,0.32,2.31,84,42,9.1,51.0,T,1.46
Dragon Ball Z: Budokai 3,PS2,2004,Fighting,1.09,0.15,0.65,0.04,1.94,77,32,8.9,140.0,T,0.8499999999999999
The Getaway: Black Monday,PS2,2004,Action,0.39,1.01,0.02,0.36,1.78,57,53,7.6,48.0,M,1.3900000000000001
Ace Combat 5: The Unsung War,PS2,2004,Simulation,0.88,0.34,0.32,0.18,1.71,84,57,9.1,81.0,T,0.83
Onimusha 3: Demon Siege,PS2,2004,Action,0.37,0.47,0.54,0.07,1.45,85,53,8.6,73.0,M,1.08
Metroid Prime 2: Echoes,GC,2004,Shooter,0.87,0.35,0.07,0.04,1.33,92,60,8.8,281.0,T,0.4600000000000001
Ninja Gaiden,X,2004,Action,0.92,0.2,0.07,0.04,1.23,91,89,8.8,152.0,M,0.30999999999999994
Suikoden IV,PS2,2004,Role-Playing,0.17,0.13,0.3,0.05,0.66,63,44,7.4,48.0,T,0.49
Resident Evil Outbreak File #2,PS2,2004,Action,0.19,0.15,0.17,0.05,0.57,58,35,7.7,71.0,M,0.37999999999999995
Dead or Alive Ultimate,X,2004,Fighting,0.3,0.1,0.08,0.02,0.5,83,64,8.7,25.0,M,0.2
Metal Gear Solid: The Twin Snakes,GC,2004,Action,0.3,0.08,0.07,0.01,0.47,85,54,9.1,143.0,M,0.16999999999999998
Final Fantasy X-2,PS2,2003,Role-Playing,1.92,1.08,2.11,0.17,5.29,85,45,6.6,404.0,T,3.37
Tony Hawks Underground,PS2,2003,Sports,2.29,1.17,0.01,0.42,3.9,90,38,8.7,121.0,T,1.6099999999999999
The Lord of the Rings: The Return of the King,PS2,2003,Action,1.5,1.28,0.05,0.46,3.28,85,31,8.6,106.0,T,1.7799999999999998
True Crime: Streets of LA,PS2,2003,Action,1.89,1.05,0.02,0.31,3.27,77,39,8.0,94.0,M,1.3800000000000001
SOCOM II: U.S. Navy SEALs,PS2,2003,Shooter,2.22,0.51,0.06,0.15,2.94,87,42,9.0,93.0,M,0.7199999999999998
SoulCalibur II,PS2,2003,Fighting,1.06,0.62,0.13,0.25,2.06,92,41,8.8,120.0,T,1.0
Devil May Cry 2,PS2,2003,Action,0.71,0.58,0.51,0.17,1.97,68,40,6.6,167.0,M,1.26
Star Ocean: Till The End of Time,PS2,2003,Role-Playing,0.8,0.21,0.55,0.15,1.72,80,55,7.7,135.0,T,0.9199999999999999
SoulCalibur II,GC,2003,Fighting,0.99,0.32,0.11,0.08,1.5,93,45,9.0,137.0,T,0.51
Final Fantasy: Crystal Chronicles,GC,2003,Role-Playing,0.72,0.38,0.36,0.04,1.49,80,55,8.1,94.0,T,0.77
Resident Evil: Outbreak,PS2,2003,Action,0.54,0.35,0.46,0.1,1.45,71,40,8.3,94.0,M,0.9099999999999999
Enter the Matrix,X,2003,Action,0.72,0.43,0.01,0.04,1.2,65,33,7.1,75.0,T,0.48
Tenchu: Wrath of Heaven,PS2,2003,Action,0.44,0.34,0.25,0.11,1.14,79,33,8.4,38.0,M,0.7
Tales of Symphonia,GC,2003,Role-Playing,0.54,0.21,0.31,0.04,1.1,86,60,8.5,181.0,T,0.56
Brute Force,X,2003,Shooter,0.62,0.18,0.01,0.03,0.83,77,45,7.8,49.0,M,0.20999999999999996
F-Zero GX,GC,2003,Racing,0.41,0.11,0.12,0.02,0.65,89,50,8.6,163.0,T,0.24000000000000005
Drakengard,PS2,2003,Role-Playing,0.19,0.15,0.26,0.05,0.65,63,55,9.1,89.0,M,0.46
Viewtiful Joe,GC,2003,Action,0.38,0.1,0.12,0.02,0.62,93,52,8.3,117.0,T,0.24
Dead or Alive Xtreme Beach Volleyball,X,2003,Sports,0.36,0.08,0.14,0.02,0.59,73,42,7.8,47.0,M,0.22999999999999998
Fullmetal Alchemist and the Broken Angel,PS2,2003,Role-Playing,0.15,0.12,0.26,0.04,0.56,56,35,8.1,38.0,T,0.41000000000000003
Front Mission 4,PS2,2003,Strategy,0.14,0.11,0.25,0.04,0.54,75,39,8.6,22.0,T,0.4
Zone of the Enders: The 2nd Runner,PS2,2003,Simulation,0.15,0.12,0.11,0.04,0.41,82,33,8.9,65.0,M,0.26
Grand Theft Auto: Vice City,PS2,2002,Action,8.41,5.49,0.47,1.78,16.15,95,62,8.7,736.0,M,7.739999999999998
The Lord of the Rings: The Two Towers,PS2,2002,Action,1.94,1.95,0.08,0.7,4.67,82,32,8.2,78.0,T,2.73
SOCOM: U.S. Navy SEALs,PS2,2002,Shooter,2.53,0.81,0.06,0.24,3.65,82,42,7.9,83.0,M,1.12
The Getaway,PS2,2002,Action,1.23,1.77,0.05,0.49,3.54,72,49,6.8,89.0,M,2.31
The Elder Scrolls III: Morrowind,X,2002,Role-Playing,2.09,0.63,0.03,0.11,2.86,87,34,8.7,112.0,T,0.77
Metroid Prime,GC,2002,Shooter,1.96,0.67,0.1,0.09,2.82,97,70,9.3,754.0,T,0.8599999999999999
Onimusha 2: Samurais Destiny,PS2,2002,Adventure,0.62,0.44,1.06,0.13,2.25,84,31,9.0,52.0,M,1.63
Star Fox Adventures,GC,2002,Adventure,0.96,0.53,0.3,0.09,1.87,82,39,7.7,148.0,T,0.9100000000000001
Virtua Fighter 4,PS2,2002,Fighting,0.78,0.44,0.56,0.04,1.81,94,36,8.0,84.0,T,1.03
Xenosaga Episode I: Der Wille zur Macht,PS2,2002,Role-Playing,0.63,0.49,0.45,0.17,1.74,83,35,8.7,99.0,T,1.1099999999999999
.hack//Infection Part 1,PS2,2002,Role-Playing,0.49,0.38,0.26,0.13,1.27,75,35,8.5,60.0,T,0.78
Dark Cloud 2,PS2,2002,Role-Playing,0.38,0.25,0.26,0.07,0.96,87,41,9.1,174.0,T,0.58
Shinobi,PS2,2002,Platform,0.36,0.28,0.22,0.09,0.96,71,33,7.9,43.0,M,0.6
Wreckless: ThE YaKuza MisSiOns,X,2002,Racing,0.42,0.11,0.02,0.02,0.57,74,36,5.2,13.0,T,0.14999999999999997
Guilty Gear X2,PS2,2002,Fighting,0.09,0.07,0.16,0.02,0.35,87,31,8.7,34.0,T,0.26
Final Fantasy XI,PS2,2002,Role-Playing,0.08,0.06,0.15,0.02,0.32,85,49,6.9,66.0,T,0.24
Panzer Dragoon Orta,X,2002,Shooter,0.16,0.05,0.04,0.01,0.26,90,41,8.6,65.0,T,0.1
JSRF: Jet Set Radio Future,X,2002,Action,0.13,0.04,0.03,0.01,0.21,88,36,8.2,103.0,T,0.07999999999999999
Crazy Taxi 3: High Roller,X,2002,Racing,0.14,0.04,0.02,0.01,0.2,69,33,8.5,13.0,T,0.06
Grand Theft Auto III,PS2,2001,Action,6.99,4.51,0.3,1.3,13.1,97,56,8.5,667.0,M,6.109999999999999
Final Fantasy X,PS2,2001,Role-Playing,2.91,2.07,2.73,0.33,8.05,92,53,8.7,1077.0,T,5.140000000000001
Super Smash Bros. Melee,GC,2001,Fighting,4.41,1.04,1.39,0.22,7.07,92,38,9.1,573.0,T,2.66
Halo: Combat Evolved,X,2001,Shooter,4.98,1.3,0.08,0.07,6.43,97,68,8.6,1292.0,M,1.4499999999999993
Metal Gear Solid 2: Sons of Liberty,PS2,2001,Action,2.45,2.01,0.87,0.72,6.05,96,42,8.7,1035.0,M,3.5999999999999996
Tony Hawks Pro Skater 3,PS2,2001,Sports,2.66,1.29,0.01,0.46,4.41,97,34,7.5,298.0,T,1.75
Devil May Cry,PS2,2001,Action,1.36,0.86,0.64,0.13,2.99,94,37,8.5,467.0,M,1.6300000000000001
Star Wars Rogue Leader: Rogue Squadron II,GC,2001,Simulation,1.03,0.75,0.03,0.09,1.9,90,45,8.6,80.0,T,0.8699999999999999
Dead or Alive 3,X,2001,Fighting,1.19,0.29,0.24,0.06,1.77,87,35,8.6,44.0,T,0.5800000000000001
